customer_id,sales,profit,orders
CUST11087,1159396.9,237196.9,11
CUST12490,1047081.52,279881.52,5
CUST13045,1018296.3800000001,174096.38,11
CUST12378,972973.27,241473.27,10
CUST10213,936707.3,183507.3,10
CUST12659,920085.5800000001,198885.58,8
CUST12673,892740.3200000001,261640.32,10
CUST13057,890530.4199999999,235330.41999999998,8
CUST11786,882703.4199999999,159703.41999999998,12
CUST10622,874930.9,181530.9,4
CUST11181,867047.0,160047.0,7
CUST11529,865826.52,181826.52,7
CUST10245,854453.48,175853.47999999998,7
CUST11403,851491.52,224391.52000000002,7
CUST11535,838869.27,163769.27,6
CUST10723,838411.4,138711.4,8
CUST12428,832021.63,172421.63,9
CUST11094,831999.51,143499.51,4
CUST10231,831117.8,219417.8,8
CUST10264,829462.24,174862.24,11
CUST12712,829033.74,123533.73999999999,5
CUST12781,828826.1699999999,243626.17,6
CUST13059,824640.02,238840.02,10
CUST10769,809699.2,147899.2,8
CUST10671,806422.08,183222.08000000002,9
CUST10673,801997.97,173597.97,6
CUST11709,799973.42,152473.41999999998,5
CUST11828,798130.5,194630.5,9
CUST11269,797020.6,174420.6,10
CUST12292,790914.48,195514.47999999998,4
CUST11424,786273.08,160073.08,14
CUST12476,782270.35,123270.35,5
CUST11046,780750.32,177950.32,5
CUST10421,772894.91,208094.91,11
CUST11984,772780.83,110280.83,9
CUST12291,768572.11,145872.11000000002,7
CUST12778,766396.73,169496.73,11
CUST13051,762053.94,125353.94,8
CUST13096,761826.1599999999,121326.16,8
CUST12710,756804.14,131004.14,7
CUST10699,751655.9299999999,165755.93,13
CUST10117,750753.0,132353.0,7
CUST11461,749471.8,161471.80000000002,9
CUST12721,744270.26,144570.26,10
CUST10782,743572.83,187972.83000000002,11
CUST12539,743275.52,166275.52000000002,9
CUST10894,740247.71,131347.71,13
CUST13134,736108.51,142108.51,5
CUST11355,732887.96,174187.96,8
CUST12785,731563.77,179263.77000000002,7
CUST11462,729038.89,148238.88999999998,7
CUST12478,727533.8200000001,169433.82,10
CUST12280,726529.2,147929.2,8
CUST10227,722761.2,87661.2,5
CUST10202,719266.7,148866.7,9
CUST10898,718427.44,98827.44,4
CUST12312,714007.85,143807.85,10
CUST12194,713487.6,137087.6,5
CUST12272,706638.61,86438.61,6
CUST12370,705582.02,155582.02,11
CUST11616,704645.13,131345.13,10
CUST11567,699607.1,156607.1,4
CUST12565,697614.28,175714.28,6
CUST11090,697070.25,127370.25,6
CUST10623,696171.65,125171.65000000001,9
CUST12676,693074.78,117574.78,5
CUST11041,692402.56,164102.56,10
CUST12549,690536.24,144336.24,9
CUST10749,688078.19,166378.19,8
CUST13006,682900.16,161600.16,10
CUST10461,682523.75,158823.75,10
CUST10661,679987.84,129887.84,8
CUST12748,676589.5299999999,185889.53,7
CUST11040,675466.5700000001,154966.57,7
CUST11519,673638.5,165038.5,6
CUST10641,671452.32,142452.32,10
CUST11423,669563.46,106463.45999999999,8
CUST11368,668703.9199999999,140403.91999999998,6
CUST13093,666029.43,161329.43,7
CUST11131,664308.28,151408.28,11
CUST10583,663270.28,115570.28,7
CUST11075,658727.3,124427.3,6
CUST11537,658653.88,94953.88,8
CUST11641,657794.46,105294.46,6
CUST10594,657029.73,158729.73,8
CUST12249,649312.28,144912.28,6
CUST13017,646486.34,147786.34,8
CUST12589,643022.48,148922.47999999998,6
CUST11662,642483.6000000001,159183.6,6
CUST12356,642250.8200000001,146750.82,6
CUST10629,639211.0,126211.0,10
CUST11287,639181.66,151181.66,8
CUST11044,637419.85,137419.85,4
CUST12953,637264.24,152764.24,8
CUST10840,636738.52,164238.52,7
CUST10876,636529.2999999999,136929.3,7
CUST12458,634701.14,161301.14,8
CUST10066,629623.36,130923.36,8
CUST12871,629306.88,180206.88,5
CUST13089,628707.24,141007.24,7
CUST10530,626911.49,129211.49,7
CUST12118,625895.0,132495.0,8
CUST10956,625617.76,139617.76,4
CUST11703,625453.0800000001,133453.08000000002,3
CUST12700,623618.37,173618.37,9
CUST12048,622462.26,135662.26,9
CUST11194,621361.44,198461.44,6
CUST10676,618230.8,164130.8,5
CUST10177,614854.78,122154.78,7
CUST10232,613722.39,116622.39,7
CUST11972,612259.3200000001,147659.32,7
CUST11174,611711.91,118111.91,10
CUST12838,609062.11,117562.11,4
CUST11068,608427.5,127127.5,10
CUST11082,607634.85,137034.85,10
CUST10007,606622.83,164122.83000000002,6
CUST12251,603376.9,137576.9,7
CUST10626,602655.69,141555.69,9
CUST12320,600832.5800000001,112532.58,6
CUST12006,600574.54,125674.54000000001,7
CUST11857,597991.44,135191.44,9
CUST12908,597951.79,134551.78999999998,10
CUST10051,597848.02,125548.02,8
CUST12898,597693.26,116793.26,7
CUST10351,594425.98,123725.98,10
CUST10644,594311.96,149411.96,7
CUST11874,592171.79,114271.79,8
CUST10043,590265.6799999999,138565.68,6
CUST11556,589959.5800000001,141059.58000000002,9
CUST10620,589552.68,158852.68,7
CUST10112,588834.8400000001,109634.84,9
CUST11974,585785.96,143085.96,8
CUST13197,583733.48,144033.48,10
CUST10060,582444.21,159344.21,9
CUST13091,582239.01,142839.01,8
CUST10866,581106.52,123506.52,7
CUST11673,580553.85,130453.85,6
CUST11765,580448.72,90648.72,7
CUST11253,577770.9299999999,116970.93,6
CUST12283,577344.49,105444.48999999999,8
CUST11534,576340.92,162440.92,5
CUST11073,575729.01,143429.01,7
CUST10207,575514.8,132114.8,6
CUST10537,573837.17,128537.17,8
CUST10719,571312.11,83412.11,8
CUST10477,570851.96,104851.95999999999,3
CUST11637,568942.63,135942.63,5
CUST10074,568815.6799999999,101015.68,8
CUST11613,568746.92,122546.92,10
CUST11197,567557.15,117457.15,6
CUST11168,565904.96,137504.96,10
CUST10275,565823.46,133723.46,6
CUST10121,565690.34,110090.34,9
CUST13163,565203.21,150203.21000000002,8
CUST10433,564651.21,115451.20999999999,10
CUST10116,563639.9,108439.90000000001,5
CUST10903,562412.0,107412.0,5
CUST12812,561379.9,141579.9,7
CUST10236,560934.37,162934.37,4
CUST12023,560378.4,98178.4,5
CUST11894,560053.65,157553.65,4
CUST10010,559475.4,116475.40000000001,3
CUST12757,559097.91,133997.91,8
CUST10426,557462.98,148662.97999999998,4
CUST12849,557131.41,110131.41,8
CUST11192,557123.56,177823.56,5
CUST10222,555773.87,100973.87,9
CUST10335,555490.49,122890.49,5
CUST12753,555389.82,109889.82,6
CUST13087,554256.2999999999,133656.30000000002,5
CUST10850,553416.75,141516.75,10
CUST10181,552552.54,100152.54000000001,9
CUST10046,551818.1,129818.09999999999,8
CUST11038,551515.53,108515.53,6
CUST11300,551464.47,94964.47,6
CUST10670,549732.77,127432.76999999999,7
CUST12735,548561.19,147561.19,6
CUST11976,545544.2,123544.2,4
CUST10750,545062.64,109862.64,7
CUST11973,545020.62,120520.62,8
CUST11757,544789.58,108389.58,7
CUST12358,544744.31,159644.31,8
CUST11166,544410.6699999999,97110.67,10
CUST10333,543881.2,81081.2,4
CUST13102,543862.27,149862.27,6
CUST10008,543550.6,111950.6,7
CUST11923,543212.76,107712.76,9
CUST10645,542940.0599999999,146440.06,6
CUST12022,541466.1,126666.09999999999,8
CUST11679,541345.1900000001,120545.19,8
CUST10938,540125.75,117225.75,10
CUST11305,540083.24,135183.24,9
CUST11448,539880.76,123280.76,5
CUST11573,539523.7100000001,102423.71,6
CUST11060,538811.73,132711.73,7
CUST11042,538416.6,134516.6,9
CUST12769,538392.4,143292.4,7
CUST11079,537843.54,118743.54000000001,8
CUST12893,536765.4,77965.4,3
CUST10031,536056.3999999999,109856.40000000001,4
CUST12681,533972.6,117372.6,2
CUST12703,532903.8,115003.8,4
CUST13200,532309.66,91209.66,6
CUST12661,532099.42,153199.41999999998,5
CUST10368,531966.99,85766.99,5
CUST13024,531641.1799999999,98141.18000000001,6
CUST12597,531419.24,112619.24,6
CUST12758,530499.69,98399.69,5
CUST10053,528756.98,111256.98000000001,9
CUST11692,528655.29,107955.29000000001,7
CUST10474,528601.31,122601.31,9
CUST12982,528418.24,109618.23999999999,6
CUST11465,528254.11,122554.11,7
CUST10989,527928.53,151828.53,7
CUST10964,526857.68,47557.68,7
CUST11861,524953.97,136553.97,4
CUST13140,524640.25,117140.25,7
CUST11433,524459.52,135059.52000000002,3
CUST10300,524232.2,152332.2,7
CUST10019,524021.3,100621.3,6
CUST10033,523886.83999999997,144486.84,5
CUST11290,523722.66,128022.66,9
CUST10776,523651.04,120351.04000000001,8
CUST10531,522434.60000000003,124634.6,8
CUST10102,521160.02,105760.02,7
CUST11420,521001.6,131001.6,3
CUST11294,520933.22,104233.22,6
CUST11153,519524.33,121024.33,11
CUST10799,518292.32,134992.32,6
CUST12685,517934.66000000003,117934.66,4
CUST12274,517297.89,112097.89,6
CUST11909,516946.1099999999,84446.11,6
CUST13042,516380.48000000004,112380.48,8
CUST11324,515787.77,83287.76999999999,5
CUST12318,515213.44000000006,110613.44,6
CUST12069,514811.01,122011.01,5
CUST11589,514758.91000000003,115258.91,8
CUST10372,514739.67,107939.67,7
CUST11735,514688.02,133088.02000000002,6
CUST11321,514193.35,117293.35,6
CUST12729,511362.88,113762.88,7
CUST12119,511210.46,101010.46,6
CUST10704,510631.44,100531.44,4
CUST12448,510398.19999999995,96798.2,7
CUST11098,510272.64,110872.64,9
CUST12213,510215.1,105415.1,6
CUST13052,510123.32999999996,119523.33,8
CUST12015,509744.69,127244.69,8
CUST11238,509167.47000000003,121167.47,11
CUST10349,508993.76,74993.76,6
CUST10756,506992.42,116292.42,5
CUST11950,506646.8,114246.8,7
CUST12159,505525.03,123125.03,9
CUST12601,505299.32,102299.31999999999,6
CUST11292,505230.30999999994,100130.31,6
CUST12591,504660.48,106460.48,5
CUST10816,504295.83999999997,107695.84,7
CUST10730,504201.7,53301.7,8
CUST10909,504090.0,97890.0,5
CUST11845,502714.7,112714.7,11
CUST10352,502584.88,95184.88,8
CUST10499,501219.72000000003,108219.72,11
CUST10014,500955.85000000003,111755.84999999999,8
CUST11143,499702.83,84302.83,8
CUST10196,499048.03,87248.03,7
CUST10047,498162.85,112262.85,5
CUST10766,497668.50000000006,105768.5,10
CUST10011,497665.38,104065.38,6
CUST10322,497607.53,123907.53,10
CUST10365,497455.32,119755.31999999999,6
CUST12443,497425.64,131325.64,9
CUST10541,497265.91000000003,94965.91,6
CUST11678,496568.98000000004,117568.98,8
CUST11164,496554.97,100454.97,4
CUST11754,496306.62,115306.62,13
CUST10003,496267.28,89667.28,6
CUST12487,495856.26,113856.26000000001,7
CUST11677,495233.44000000006,99633.44,6
CUST12704,494728.08,121728.08,5
CUST12090,494067.34,51667.34,3
CUST10143,493897.46,116897.45999999999,9
CUST11262,493666.69,80266.69,8
CUST11077,493444.82,99644.82,6
CUST11961,493219.9,124419.9,11
CUST12688,493186.96,77786.96,4
CUST12650,492514.23,136414.23,8
CUST12397,492268.68,130268.68,6
CUST12355,490701.1,105701.1,6
CUST11326,490534.11,104134.11,6
CUST10237,490132.2,94732.2,7
CUST11794,488378.12999999995,92078.13,9
CUST12545,487427.65,103027.65,4
CUST11851,487326.52,72326.52,5
CUST12768,485225.35,114525.35,8
CUST11266,484589.19999999995,100789.20000000001,10
CUST12334,484432.52,124232.52,5
CUST10134,484333.31,116533.31,7
CUST12692,483173.92,58673.92,5
CUST10714,483114.96,76714.95999999999,6
CUST11436,482883.23,89783.23,5
CUST11628,482565.7,122265.7,9
CUST12017,482323.80000000005,84923.79999999999,4
CUST13180,481860.56000000006,133260.56,4
CUST12604,481751.33999999997,106651.34,8
CUST12551,481467.6,88967.6,3
CUST11591,480699.25,100399.25,7
CUST10516,480597.81,104097.81,7
CUST11593,479030.47,90330.47,5
CUST11464,478938.49,104038.48999999999,8
CUST12859,478543.06,86043.06,7
CUST12912,478494.47,114894.47,7
CUST10471,478335.68,107835.68,6
CUST12995,478202.18,99902.18,6
CUST10479,477015.32,124115.32,7
CUST11006,476797.45999999996,124997.46,6
CUST10648,476560.35,76060.35,6
CUST12691,475926.49,105926.49,9
CUST10299,475461.78,96861.78,6
CUST12250,473659.35,107159.35,9
CUST10442,473637.82,87537.82,5
CUST12184,473459.36,121459.36,6
CUST10601,472324.08999999997,80224.09,6
CUST10425,472044.12,119244.12,6
CUST10217,471884.81999999995,116784.81999999999,7
CUST12177,471203.33999999997,90703.34000000001,5
CUST13172,470486.57999999996,98086.58,8
CUST11653,470366.69,113066.68999999999,5
CUST10542,468860.4,86460.4,7
CUST10067,467788.45999999996,127988.45999999999,8
CUST12890,467473.1,94873.1,8
CUST10302,467414.46,102114.45999999999,5
CUST12125,467311.28,104211.28,6
CUST10539,466606.16000000003,135906.16,6
CUST11725,466419.10000000003,110119.1,6
CUST11720,466311.26,119211.26000000001,8
CUST10441,465957.3,94057.3,10
CUST11625,462788.7,97688.70000000001,7
CUST10370,462431.13,106631.13,6
CUST13079,461748.04,118348.04000000001,7
CUST10206,461603.6,122803.6,9
CUST11562,460929.74000000005,128129.74000000002,6
CUST11458,460744.67000000004,109544.67,7
CUST10512,459561.02,85461.02,6
CUST10902,459559.63,139459.63,2
CUST10578,458490.44,82890.44,10
CUST12452,458402.63,91302.63,7
CUST10615,458334.24,104634.24,3
CUST12281,457694.17,81694.17,4
CUST11844,457191.77,105391.77,7
CUST11970,456997.4,97697.4,8
CUST12935,456592.27,66192.27,5
CUST11533,456185.74,94985.73999999999,8
CUST10666,455206.66,87106.66,9
CUST11316,455028.72,98028.72,8
CUST10168,454340.11,129440.10999999999,8
CUST12410,454221.57,108921.57,8
CUST10309,454111.32,91411.31999999999,9
CUST12038,453869.58999999997,123669.59000000001,8
CUST10454,453588.29999999993,107588.30000000002,5
CUST12502,453311.15,102611.15,6
CUST12080,453309.58999999997,124109.59,5
CUST13073,453120.88,108220.88,9
CUST10414,452812.78,84712.78,8
CUST10650,451069.88,102969.88,5
CUST10505,450555.56,129155.56,7
CUST11317,450112.2,83812.2,5
CUST12540,450088.79000000004,112788.79000000001,10
CUST10519,450066.0,120065.99999999999,5
CUST13156,449890.83,115290.83,5
CUST12229,449380.95999999996,79180.96,6
CUST11722,447662.39,99362.39,8
CUST13100,447181.58,98681.58,8
CUST11742,444021.7,111921.70000000001,7
CUST12910,443935.74,80835.74,5
CUST10070,443720.94,96420.94,7
CUST12435,442498.3,117098.29999999999,5
CUST12918,442409.79,138109.79,4
CUST11130,442123.38,97123.38,4
CUST11578,441743.80000000005,78543.8,6
CUST11162,441654.3,80154.3,5
CUST10323,441463.55,111563.55,6
CUST10295,441132.23,129632.23000000001,4
CUST11092,441087.32,106087.31999999999,9
CUST12001,441046.56,123546.56,4
CUST12520,440969.72,83869.72,8
CUST12204,440913.65,98913.65000000001,9
CUST11681,440453.74,96053.73999999999,7
CUST12512,440157.44999999995,88157.45,7
CUST11076,440082.29,77482.29000000001,5
CUST11996,439067.12,72667.12,5
CUST10028,438961.38,93261.38,7
CUST10836,438571.17000000004,88771.17,5
CUST12350,437646.56,123046.56,7
CUST11643,437492.23,78192.23,5
CUST10589,437144.63,87844.63,8
CUST10063,436641.46,106141.46,6
CUST12431,436113.42000000004,83413.42,8
CUST11375,435843.69,94443.69,12
CUST12921,435064.12,93364.12,5
CUST10282,435013.92,96813.92,9
CUST11422,434772.83,72872.83,5
CUST11445,433060.21,95860.20999999999,7
CUST11758,432893.32999999996,123893.33,2
CUST11906,432695.95,78795.95,5
CUST11471,432223.18,98223.18,6
CUST11474,432094.58,81794.58,6
CUST12755,430909.56,96409.56,4
CUST10386,430906.0,84906.0,2
CUST11446,430753.49,116553.48999999999,11
CUST11161,430508.36,116408.36,7
CUST12726,429807.89,103807.89,4
CUST10544,428885.04000000004,82685.04000000001,4
CUST10996,427638.7,95138.7,7
CUST12716,427589.34,78689.34,5
CUST10005,426249.09,103049.09,6
CUST12877,425519.96,58919.96,5
CUST11491,425341.33,122541.33,7
CUST12598,424560.83999999997,92160.84,7
CUST10536,424050.45,90050.45,5
CUST10424,423697.53,89397.53,6
CUST10970,423479.77,95779.77,11
CUST12952,423390.19999999995,105090.2,7
CUST12244,422437.82,106837.82,6
CUST11771,422053.09,98153.09,8
CUST12881,421922.04000000004,76122.04,5
CUST11309,421908.57,110008.57,10
CUST12555,421630.64,105630.64,7
CUST12271,421491.52,77491.52,5
CUST10342,421389.18,89589.18,8
CUST11361,421382.08,98882.08,4
CUST13137,421132.72,92332.72,9
CUST12930,420903.04000000004,119903.04,8
CUST12163,420869.15,68969.15,6
CUST12181,420553.58999999997,128653.59000000001,4
CUST11781,420438.8,79838.8,5
CUST12035,419280.87,53380.87,4
CUST11468,418657.05,110957.04999999999,9
CUST11889,418147.96,80347.95999999999,4
CUST11962,418053.92000000004,93653.92,6
CUST11986,416948.69,67148.69,6
CUST11531,416939.04,120139.04,2
CUST11672,416384.33999999997,64084.34,5
CUST12400,416142.66,78642.66,6
CUST12873,415800.95,82900.95,6
CUST13098,415604.67,96404.67000000001,7
CUST11088,415362.16000000003,84462.16,3
CUST10169,415229.55000000005,85629.55,10
CUST11200,415160.2,95360.2,8
CUST12940,414944.32,94944.32,3
CUST13034,414614.51,112914.51000000001,5
CUST11803,414534.31,79734.31,6
CUST12765,414360.22,69960.22,7
CUST12078,414277.1,67077.1,4
CUST11007,414253.73,113453.73000000001,7
CUST12492,414113.69,88913.69,6
CUST11834,414016.47,101816.47,5
CUST10603,413925.66000000003,98825.66,9
CUST12837,413254.82,90554.82,8
CUST10434,412648.25,70648.25,6
CUST12474,412446.49,84046.48999999999,7
CUST13151,411947.7,89647.7,7
CUST13104,411925.97,52325.97,4
CUST10022,411876.98,88376.98,4
CUST13076,411122.43000000005,111222.43000000001,8
CUST10867,410568.7,97368.7,6
CUST10105,409745.51,71045.51,8
CUST11680,409394.6,94394.6,5
CUST10802,409138.97,73738.97,6
CUST11811,409080.59,99980.59,7
CUST12509,408951.02,58551.02,4
CUST11138,408876.53,79176.53,6
CUST10905,408776.79000000004,66876.79,7
CUST11553,408738.1,86038.1,8
CUST12902,408493.3,126693.3,5
CUST10915,407790.0,78590.0,4
CUST12843,407352.77999999997,76752.78,5
CUST10833,407303.36,72803.36,6
CUST12793,406968.48,69968.48000000001,3
CUST12475,406627.15,102527.15,6
CUST12950,406223.83,90323.83,9
CUST10398,406070.7,94670.7,8
CUST10965,406012.26,66412.26,5
CUST11382,405793.19,83093.18999999999,8
CUST11598,404985.12,108285.12000000001,5
CUST11964,404492.28,100192.28,4
CUST10851,403903.08,83203.08,7
CUST12164,403480.39999999997,86180.4,5
CUST10533,403150.60000000003,79150.59999999999,5
CUST12824,403141.72,94941.72,6
CUST10055,402773.74,101473.73999999999,4
CUST11676,402709.85,101909.85,6
CUST11530,402496.76,98996.76,5
CUST11454,402397.52,70997.52,6
CUST10624,401909.69,98509.69,9
CUST10432,401418.85000000003,90818.85,6
CUST10463,400905.66000000003,82905.66,3
CUST12627,400238.12,91838.12000000001,7
CUST13030,400208.82,81308.82,7
CUST12040,399885.52,80885.52,5
CUST12253,399749.4,82449.4,8
CUST12429,399598.75,84198.75,6
CUST12759,399313.16,73513.16,6
CUST10591,398966.52,88266.52,8
CUST11479,398419.86,103619.86,8
CUST11332,397750.52,89050.52,8
CUST12583,397689.64,86089.64,5
CUST10090,396851.34,81251.34,7
CUST10593,396526.82,58926.82,3
CUST11712,395825.92,91325.92,2
CUST10809,395002.72,43802.72,3
CUST10703,394929.8,79829.8,5
CUST11267,394902.0,70902.0,2
CUST11727,394659.55,53459.55,7
CUST12645,392033.09,68733.09,6
CUST10017,391344.48,89244.48000000001,9
CUST11013,390903.24,100103.24,7
CUST11351,390883.88,79483.88,6
CUST12447,390050.84,94150.84,7
CUST10415,389692.8,70192.8,4
CUST12510,389474.8,88874.8,6
CUST12160,389229.7,86029.7,3
CUST13009,389081.73,94381.73000000001,6
CUST12621,388989.01,85589.01,8
CUST10883,388923.68,87823.68000000001,4
CUST11931,388878.91000000003,64078.91,6
CUST10517,388034.01999999996,77734.02,8
CUST11911,388013.83,98513.83,4
CUST11147,387889.08,100289.08,6
CUST13043,387614.49,91314.48999999999,6
CUST10768,387322.53,76522.53,6
CUST10721,387314.57,116114.56999999999,7
CUST11596,387212.77999999997,65412.78,6
CUST12521,387151.04,85951.04,5
CUST10892,386688.04000000004,109888.04000000001,9
CUST12932,386529.69999999995,80229.7,6
CUST10306,385856.52,69156.52,4
CUST10848,385561.4,85061.4,6
CUST12003,385215.46,83715.46,10
CUST12742,385089.66000000003,74089.66,7
CUST11173,385060.04000000004,89260.04000000001,8
CUST10057,384872.64,81072.64,3
CUST12674,384041.63,72241.63,9
CUST13050,383777.5,91377.5,7
CUST10141,383689.64,75289.64,6
CUST11449,383262.42,79862.42,7
CUST10164,383147.86000000004,88147.86,8
CUST12103,383128.52999999997,81628.53,7
CUST12763,382834.31,78434.31,7
CUST10547,382234.13,87934.13,10
CUST12013,381694.72,93694.72,6
CUST12203,381290.72,76990.72,7
CUST10297,381236.04000000004,85836.04,8
CUST12620,380660.08,82860.08,9
CUST11879,380656.16,96156.16,8
CUST12124,380535.56,86635.56,5
CUST10506,380505.06999999995,82505.07,3
CUST10045,378822.94,80322.94,7
CUST10405,378588.68,85988.68,5
CUST12273,378503.04,98803.04,9
CUST12570,378345.42,61445.42,6
CUST11863,377741.11,85641.11,7
CUST12129,377355.33,80855.33,5
CUST10860,377290.84,64290.84,6
CUST11975,377277.12,94477.12,10
CUST10225,376999.65,87099.65,6
CUST10952,376761.26,87361.26000000001,10
CUST10457,376577.12,81977.12,6
CUST11312,376497.13999999996,75097.14,4
CUST10943,376478.76,60478.76,11
CUST12851,376361.89,91561.89,5
CUST11571,376339.18,95439.18000000001,5
CUST11297,375657.48,71657.48,4
CUST10827,375403.2,86503.2,5
CUST10098,375369.78,79869.78,11
CUST11280,375344.73,71244.73,5
CUST10576,375084.8,91084.8,2
CUST12246,374767.92,74567.92,5
CUST11713,374554.79,79654.79000000001,9
CUST13019,374264.36,83564.36,5
CUST12631,374104.65,58504.649999999994,5
CUST12578,373904.86,88704.86,6
CUST11697,373642.72000000003,74642.72,6
CUST11969,373546.09,74046.09,10
CUST11650,373121.64,109821.63999999998,6
CUST11216,372990.1,99990.1,7
CUST11798,372768.54,82168.54000000001,7
CUST12302,372509.31,79809.31,4
CUST10458,371936.45,67736.45,6
CUST10734,371536.94,69936.94,7
CUST12976,370973.4,77173.4,5
CUST11669,370899.68,84099.68,5
CUST10588,370208.52,68308.52,6
CUST10404,369975.34,91075.34,6
CUST11508,369887.83,88187.83,4
CUST10220,369590.78,103890.78,5
CUST10118,369021.21,83121.20999999999,7
CUST13120,368978.52,92078.52,6
CUST12009,368807.06,71807.06,8
CUST12325,368524.73,93624.73000000001,6
CUST13190,368231.04,70731.04000000001,3
CUST11983,368154.75,101054.75,4
CUST13032,368061.88,68261.88,6
CUST12460,368044.85,61144.85,5
CUST11244,367694.37,71694.37,8
CUST10449,367613.18,79513.18,8
CUST12526,367604.4,80604.4,4
CUST12603,367268.03,72468.03,3
CUST12567,366950.63,80550.63,6
CUST10436,366696.68000000005,81896.68,7
CUST12210,365505.91,77905.91,5
CUST12981,365011.52,82211.52,4
CUST10916,364355.75999999995,86955.76,7
CUST10646,364093.46,71093.45999999999,2
CUST12076,363921.39,81321.39,7
CUST11595,363777.98,88377.98000000001,5
CUST10350,363675.9,76775.9,8
CUST12891,363642.83999999997,72842.84,5
CUST10061,363417.04000000004,67017.04000000001,5
CUST12546,362814.75,69314.75,6
CUST10140,362701.16,56401.16,4
CUST11122,362303.94,72303.94,5
CUST11209,362006.58,80906.58,9
CUST12842,361804.64,76104.64,6
CUST12269,361733.94000000006,83133.93999999999,4
CUST12043,361606.28,52006.28,5
CUST10197,361333.87,99133.87,6
CUST10455,361217.88,83517.88,9
CUST10038,361137.77999999997,83137.78,9
CUST12243,361054.07,58454.07,6
CUST13048,361004.6,93904.6,6
CUST12740,360644.04,77944.04000000001,7
CUST11198,360643.81999999995,92543.82,8
CUST10669,360615.25,58415.25,3
CUST12385,360097.4,75597.4,3
CUST12749,359706.16000000003,78606.16,5
CUST12665,359620.26999999996,75620.27,6
CUST10340,359619.26,79219.26000000001,10
CUST11104,359572.92,66772.92,4
CUST11940,358917.2,86617.2,7
CUST13144,358913.64,86913.64,5
CUST11288,358427.73,60027.729999999996,5
CUST11948,358419.0,82419.0,2
CUST12010,357754.38,77554.38,7
CUST12728,357569.85,40169.85,3
CUST11211,357410.65,93610.65,9
CUST11839,357322.0,80722.0,7
CUST10265,357222.77999999997,111822.78,6
CUST10707,357136.33999999997,92736.34,6
CUST10385,356586.0,86886.0,3
CUST11350,356530.1,68730.1,5
CUST11761,356110.19,100910.19,7
CUST11314,356096.97000000003,82296.97,9
CUST11224,355982.2,80682.2,7
CUST10165,355931.9,69431.9,6
CUST10219,355843.27,86143.26999999999,6
CUST11594,355598.43,87398.43,7
CUST11107,355229.31,63629.31,6
CUST11592,354605.17000000004,61005.17,6
CUST12147,353395.77,75295.77,5
CUST10488,353255.12,51955.119999999995,4
CUST11612,353104.66,95404.66,7
CUST11955,352770.72000000003,101470.72,4
CUST12440,352763.74,62663.740000000005,8
CUST11413,352526.35,60626.350000000006,7
CUST12946,352525.6,49525.600000000006,2
CUST12943,352168.26,75268.26000000001,6
CUST12811,351558.41,99358.41,8
CUST12239,351357.68,92157.68,6
CUST12569,350656.8,71356.8,9
CUST10553,350564.18,87564.18,5
CUST11559,350365.66,105565.66,8
CUST12938,349845.68000000005,73945.68,5
CUST10248,349688.2,88088.2,10
CUST13063,349680.66000000003,67680.66,4
CUST11156,349422.25,85922.25,12
CUST12346,349412.95,75212.95,7
CUST10289,349295.03,74195.03,8
CUST12524,348973.53,77973.53,7
CUST12931,348896.2,99496.2,7
CUST10429,348779.83999999997,73779.84,7
CUST12566,348657.72,85457.72,4
CUST10354,348333.45,80433.45,7
CUST12667,348282.64,71182.64,5
CUST10338,347622.11,79022.11,7
CUST11784,347445.7,77645.7,6
CUST10784,347241.22,69341.22,6
CUST12121,346478.31,100178.31,5
CUST12860,346173.87,86973.87,6
CUST11842,346139.81,67639.81,5
CUST11587,346062.33,111262.33,7
CUST10521,345928.02999999997,57628.03,6
CUST11710,345874.27999999997,77074.28,7
CUST13021,345780.82999999996,64780.83,4
CUST10638,345649.16,63049.16,6
CUST11516,344944.24,85244.24,4
CUST11741,344860.92,72960.92,5
CUST10780,344760.23,63060.23,6
CUST10895,344736.77,67836.77,5
CUST10960,343782.73,96382.73000000001,9
CUST12625,343695.94,66895.94,6
CUST12636,342935.53,73635.53,4
CUST11070,342844.16000000003,67844.16,5
CUST11354,342843.2,69643.2,5
CUST10565,341910.12,81210.12,4
CUST11884,341726.05,74126.05,6
CUST10336,341567.5,90167.5,9
CUST11347,341019.82,69119.82,6
CUST11846,340282.24,77782.24,8
CUST11539,340210.68,85810.68,6
CUST10037,340003.45,72603.45,4
CUST12386,339866.94,79266.94,6
CUST10921,339776.27,77976.27,6
CUST10062,339650.16000000003,98050.16,6
CUST10857,339404.59,94804.59,8
CUST11486,339395.30000000005,93595.29999999999,3
CUST11227,339069.18,92369.18000000001,5
CUST11837,338991.46,66191.46,7
CUST10953,338969.74,92369.74,6
CUST12655,338965.63,68065.63,5
CUST12616,338951.92,67751.92,7
CUST11750,338780.58,81680.58,7
CUST10592,338581.64,69481.64,5
CUST13072,338507.73,77507.73000000001,3
CUST10801,338501.0,89901.0,6
CUST13077,338433.28,66333.28,4
CUST10256,338305.23,81605.23,5
CUST12923,337651.43,79351.43,8
CUST12978,337553.74,50953.74,7
CUST12595,336672.87,86472.87,6
CUST11683,336660.38,73960.38,6
CUST12418,336313.95999999996,74913.96,6
CUST12660,336307.7,75907.7,5
CUST10696,336175.45,85575.45000000001,8
CUST11949,335540.36,74440.36,6
CUST10049,335488.47000000003,91788.47,9
CUST11184,335285.41000000003,81985.41,11
CUST11723,335179.6,65679.6,4
CUST12170,335124.11,66924.11,9
CUST11004,334750.35,66850.35,6
CUST10712,334027.29,77027.29,6
CUST12221,333965.92,74765.92,4
CUST12104,333936.54,70136.54000000001,6
CUST11659,333856.99,86356.99,4
CUST11336,333840.42,80340.42,8
CUST12384,333463.6,82763.6,5
CUST12984,333076.22,81676.22,7
CUST11279,333050.01999999996,72050.02,6
CUST11016,332854.45,98354.45,9
CUST12156,332601.42,86501.42,3
CUST10896,332375.23,95375.23,1
CUST12183,331620.84,53620.84,3
CUST11701,331351.62,68351.62,4
CUST12314,330666.56,80866.56,5
CUST12396,330593.95999999996,81593.95999999999,8
CUST11061,330512.05,66112.05,7
CUST12845,330215.53,85015.53,5
CUST10271,330209.81,68709.81,9
CUST11514,330008.92,82008.92,5
CUST11655,329821.08,86421.07999999999,7
CUST10944,329803.12,65103.12,5
CUST11455,329800.16,72400.16,4
CUST12592,329662.8,67962.8,7
CUST11353,329415.83,50115.83,9
CUST11694,329331.74,78831.73999999999,4
CUST10528,329257.15,93957.15,8
CUST10963,329181.04,72281.04,8
CUST12582,329029.92,91029.92,6
CUST11812,328910.42,76710.42,7
CUST11489,328731.92,77731.92,3
CUST12188,327722.15,84122.15,5
CUST11568,327356.66,94556.66,6
CUST11406,326583.36,80483.36,7
CUST11899,326030.01,98830.01,7
CUST11666,325897.22000000003,71397.22,5
CUST12207,325654.0,60654.0,7
CUST11140,325181.76,79381.76,8
CUST10828,324586.96,66486.95999999999,6
CUST10180,324533.13,65233.13,4
CUST12348,324480.70999999996,80380.70999999999,6
CUST12190,324282.99,71682.99,6
CUST12494,323811.4,85311.4,6
CUST12573,323539.54,78639.54,5
CUST10502,323312.93,83912.93,5
CUST11310,323282.48,69182.48,6
CUST10084,322857.12,84857.12,11
CUST10558,322684.22,75084.22,8
CUST11126,322516.31,67216.31,6
CUST11028,322499.88,63799.880000000005,4
CUST12031,322411.14999999997,86511.15000000001,5
CUST10955,322396.58999999997,64896.59,7
CUST11752,322277.92,60777.92,6
CUST12218,322118.87,78318.87,6
CUST12065,322061.15,81561.15,9
CUST12972,322032.1,75032.1,6
CUST11295,321954.3,57154.3,4
CUST12718,321687.44,70887.44,8
CUST12430,321685.12,59685.119999999995,3
CUST10961,321437.63,64737.630000000005,4
CUST11520,321296.22000000003,87696.22,5
CUST11189,320905.56,60905.56,7
CUST13058,320860.63,74660.63,11
CUST12892,320836.76,60436.76,4
CUST12967,320769.68,56569.68,3
CUST11932,320048.37,42248.369999999995,4
CUST10701,319997.74,64597.74,6
CUST12699,319910.66,55010.66,4
CUST11823,319829.57,77329.57,7
CUST11826,319307.15,62907.15,6
CUST12761,319052.01,63952.01,4
CUST11951,319046.09,73346.09,9
CUST10026,319013.91000000003,71013.91,5
CUST10307,318980.86,91480.86,7
CUST10469,318978.98,86078.98000000001,7
CUST11261,318505.19999999995,62705.2,5
CUST11995,318435.56,81335.56,5
CUST12493,318305.52,78605.52,8
CUST10937,318255.16000000003,55855.159999999996,3
CUST11188,318238.17,76738.17,4
CUST10277,318215.57999999996,58815.58,6
CUST12450,318088.72,69988.72,3
CUST12293,317483.09,91183.09,6
CUST10366,317276.1,55176.1,5
CUST11370,316986.12,65686.12,5
CUST11859,316901.45,51501.45,5
CUST12395,316562.26,56162.26,6
CUST11773,316246.87,64646.87,7
CUST10688,316108.8,92108.8,1
CUST12954,316088.87,84888.87,6
CUST10830,315703.24,68703.24,3
CUST12858,314680.3,66180.3,4
CUST13149,314332.33,80832.33,7
CUST10279,314312.6,70112.6,5
CUST12839,314263.78,71063.78,7
CUST11167,313733.76,82433.76000000001,5
CUST12212,313520.48000000004,85820.48,4
CUST12399,313161.96,50661.96,7
CUST11363,312882.12,60082.119999999995,4
CUST11102,312496.9,49596.9,3
CUST12044,312094.13,58094.130000000005,5
CUST12072,311953.89,68153.89,4
CUST13047,311902.54000000004,87102.54000000001,5
CUST11428,311760.68000000005,49060.68,4
CUST11914,311701.42,71201.42,9
CUST10757,311475.79,68875.79,6
CUST13012,310891.12,66391.12,7
CUST10308,310862.0,41762.0,5
CUST12500,310760.67,90660.67,4
CUST12297,310759.38,76159.38,4
CUST11002,310487.55,61787.55,8
CUST10861,310359.96,68559.96,7
CUST10361,310282.27,66382.26999999999,6
CUST10371,310242.7,75442.7,7
CUST12746,310235.28,60535.28,5
CUST12483,310133.27999999997,76533.28,4
CUST10822,310058.24,80058.24,3
CUST11607,309952.25,61152.25,4
CUST12180,309732.8,74632.8,7
CUST12863,309674.94,85574.94,4
CUST11385,309406.5,65106.5,3
CUST11052,309215.72,66915.72,6
CUST12055,309180.82,61580.82,4
CUST11000,309162.43000000005,72062.43,6
CUST12226,309046.19,64246.19,8
CUST12588,309012.36,76912.36,3
CUST10632,309011.54,75711.54,11
CUST10979,308884.08,66684.08,5
CUST10320,308824.33999999997,75624.34,4
CUST12441,308772.65,88672.65,6
CUST11636,308655.38,71255.38,6
CUST11207,308349.73,81449.73,6
CUST13027,308326.78,84726.78,8
CUST12162,308262.05,76562.05,8
CUST10184,307858.57999999996,88358.58,6
CUST13148,307836.88,69236.88,7
CUST12840,307776.02,53276.02,4
CUST10974,307429.26,70929.26,2
CUST10667,307381.66000000003,75781.66,4
CUST12594,306930.67,70930.67,6
CUST10678,306712.05,63012.05,5
CUST11369,306647.79,74647.79,6
CUST12983,306585.23000000004,73385.23,5
CUST10878,306530.98,82830.98000000001,5
CUST12172,306418.66000000003,66818.66,6
CUST11275,306375.16000000003,48275.16,5
CUST10136,306142.66,62342.659999999996,5
CUST10240,305741.22,89441.22,6
CUST10052,305733.9,82533.9,6
CUST10821,305499.62,64499.62,7
CUST11415,304934.6,60434.6,5
CUST10855,304671.8,81671.8,2
CUST10128,304593.36,65493.36,8
CUST10994,304423.92000000004,74923.92,6
CUST11251,304352.82,62352.82,7
CUST12850,304260.0,62660.0,3
CUST11603,304006.81,82806.81,8
CUST10058,303910.06,84310.06,8
CUST10244,303711.57999999996,62311.58,4
CUST11663,303656.75,65656.75,5
CUST12798,303468.33999999997,79368.34,5
CUST11921,303315.0,58415.0,3
CUST12113,303180.78,61780.78,8
CUST12836,303087.6,77187.6,5
CUST11569,302774.14,46874.14,7
CUST11412,302308.71,78808.70999999999,4
CUST10595,302299.5,74599.5,7
CUST10292,302276.33999999997,66276.34,5
CUST12455,302238.05,56238.05,6
CUST13132,302236.9,81336.9,4
CUST12835,301499.32,73599.31999999999,5
CUST12150,301350.52,74750.52,6
CUST10897,301126.7,68126.7,8
CUST12208,300841.26,66041.26,6
CUST10437,300752.33,62752.33,6
CUST10145,300726.6,70226.6,6
CUST10375,300294.22,77494.22,3
CUST11992,300238.1,61038.100000000006,8
CUST11707,300196.9,60696.899999999994,6
CUST12409,299894.78,55394.78,3
CUST11096,299805.97,69605.97,4
CUST12823,299681.95,80781.95,8
CUST12698,299601.69,68201.69,6
CUST10908,299326.05,87926.04999999999,3
CUST10413,299164.16000000003,69864.16,8
CUST11032,299130.95,59330.95,4
CUST10743,299025.97000000003,68625.97,5
CUST13158,298578.85,67878.85,5
CUST10509,298233.04,44033.04,6
CUST11916,298049.85,63049.850000000006,9
CUST12560,297858.36,63658.36,6
CUST10818,297498.54,69398.54,8
CUST11384,297125.58999999997,69925.59,7
CUST12810,296743.35,72243.35,7
CUST10992,296665.33,61465.33,8
CUST10602,296638.68,63338.68,6
CUST11604,296598.95999999996,62798.96,5
CUST10647,296417.24,62417.240000000005,5
CUST10160,296095.02,65895.02,4
CUST13170,296094.82,74594.82,3
CUST11058,296034.69,73334.69,7
CUST10327,295901.02999999997,66401.03,7
CUST12709,295855.24,71655.24,4
CUST12223,295843.97,71843.97,2
CUST12363,295549.97,74549.97,4
CUST10746,295440.98,48440.98,3
CUST12019,294817.64999999997,62017.65,4
CUST13126,294548.19,75148.19,7
CUST12523,294525.97000000003,52025.97,7
CUST11767,294345.05,49545.05,6
CUST12630,294343.35,74943.35,6
CUST10096,294125.69,69725.69,5
CUST12741,293977.1,46577.1,7
CUST12697,293813.37,63313.37,4
CUST10176,293762.58999999997,83462.59,3
CUST12532,293045.53,64545.53,7
CUST10021,293041.68,66341.68000000001,7
CUST10072,293019.18,66619.18000000001,11
CUST13177,292804.43000000005,68704.43,8
CUST11967,292784.58999999997,69584.59,6
CUST13147,292748.63,73248.63,10
CUST12991,292735.3,66635.3,4
CUST10388,292531.12,64231.12,4
CUST12544,291976.29000000004,64976.29000000001,5
CUST12034,291585.2,59785.2,5
CUST11557,291420.7,64820.700000000004,4
CUST12227,291182.33999999997,62282.34,4
CUST11170,291105.47,62205.47,4
CUST11998,290993.32,44793.32,5
CUST12339,290585.7,65885.7,7
CUST10468,290224.26,41424.26,5
CUST12068,290052.15,53952.15,8
CUST10585,289993.96,70193.95999999999,6
CUST11246,289496.33999999997,60196.34,6
CUST11311,289047.81,62347.81,4
CUST13183,288658.44,60058.44,6
CUST11570,288658.41000000003,63258.409999999996,2
CUST12671,288628.2,81028.2,5
CUST12670,288425.65,65725.65,6
CUST13143,288416.9,72416.90000000001,8
CUST12309,287760.3,81160.3,6
CUST12813,287747.21,61747.21,4
CUST12680,287649.7,62749.7,4
CUST10564,287606.63,81506.63,11
CUST12077,287442.17,54342.17,5
CUST10580,287419.48,73419.48,7
CUST10035,287378.58,51378.58,4
CUST11416,287032.2,47032.200000000004,3
CUST11668,286821.69,75821.69,5
CUST12543,286758.16000000003,54258.159999999996,4
CUST10215,286694.61,54194.61,6
CUST11444,286659.7,57859.700000000004,4
CUST12969,286606.44,43806.44,4
CUST11918,286171.7,78071.7,7
CUST11281,286042.1,58742.100000000006,4
CUST10189,285947.1,64747.1,3
CUST11410,285828.33999999997,84428.34,7
CUST11221,285566.12,73866.12,7
CUST11733,285347.78,46747.78,3
CUST11453,284884.01,62784.009999999995,6
CUST11632,284666.51999999996,53266.520000000004,4
CUST12856,284479.18,50479.17999999999,7
CUST10968,284472.84,75372.84,8
CUST11481,284337.54,61637.54,8
CUST11526,284244.27,64844.27,5
CUST13049,283615.21,65215.21,7
CUST10792,283439.52,90839.52,3
CUST12574,283411.72,66211.72,5
CUST11128,283381.89,70081.89,4
CUST12896,283374.84,44874.84,5
CUST10291,283333.84,76933.84,3
CUST12677,283182.48,48382.479999999996,2
CUST10702,282792.2,69392.2,7
CUST12790,281942.86,62442.86,4
CUST11807,281557.19,51357.19,6
CUST10453,281059.24,51959.24,5
CUST11880,280845.67000000004,76445.67,5
CUST12284,280557.35,68057.35,5
CUST10493,280523.8,78123.8,5
CUST10852,280008.26,46008.259999999995,6
CUST12533,279942.83,74542.83,5
CUST10559,279740.62,53540.62,4
CUST10977,279531.56,42031.560000000005,3
CUST13130,279072.5,74572.5,6
CUST11036,278774.3,79974.3,4
CUST10399,278734.97,68934.97,6
CUST10925,278668.10000000003,42768.1,4
CUST13064,278551.88,84151.88,6
CUST12387,278521.05,54021.049999999996,9
CUST10243,278469.89,52269.89,6
CUST11994,278303.69,55603.69,3
CUST10159,278193.94,66393.94,3
CUST12641,278109.05,69909.05,8
CUST10532,277818.35,53018.35,7
CUST12053,277751.05,56751.05,6
CUST11380,277161.28,42661.28,4
CUST12456,276791.54000000004,60791.54,5
CUST11196,276511.44,47411.44,6
CUST11736,276338.79000000004,73538.79000000001,8
CUST11555,276304.82,58704.82,5
CUST10204,276222.98,75322.98,6
CUST12945,275951.85,66251.85,6
CUST11452,275869.61,48469.61,8
CUST12417,275787.62,50187.62,4
CUST10981,275696.58,51596.58,6
CUST11901,275634.16000000003,70834.16,7
CUST12611,275390.68,57090.68,4
CUST11797,275339.33,68039.33,7
CUST11849,275261.9,64561.9,7
CUST11171,274931.5,60231.5,6
CUST12424,274822.24,72822.23999999999,2
CUST13065,274679.7,56779.7,6
CUST12351,274150.77,73550.77,4
CUST12117,274008.0,65008.0,3
CUST10507,273975.42,70975.42,3
CUST11528,273911.1,75911.1,8
CUST12135,273899.56,72099.56,3
CUST10788,273738.71,52438.71,7
CUST11495,273714.0,36714.0,1
CUST10445,273540.14,53540.14,6
CUST12248,273536.0,61036.0,4
CUST10568,273491.66000000003,70191.66,8
CUST13101,273427.92000000004,52227.92,4
CUST11159,273166.38,64366.38,7
CUST10849,273053.93,65653.93,3
CUST10797,272861.01,79161.01000000001,7
CUST12256,272854.48,80754.48000000001,3
CUST11850,272816.7,67816.7,7
CUST11165,272659.67,73859.67,7
CUST12619,272149.57,62249.57,5
CUST13179,271872.72000000003,60572.719999999994,7
CUST13133,271653.16000000003,80953.16,4
CUST10452,271611.12,53111.12,5
CUST10791,271599.29,65699.29,6
CUST12136,271493.95,63893.95,6
CUST12827,271356.06,60756.06,7
CUST11816,271339.26,55439.26,4
CUST11011,271261.85,51461.85,4
CUST10111,271154.36,57754.36,7
CUST11675,270735.62,72535.62,5
CUST11365,270605.72000000003,79805.72,2
CUST10171,270593.79,52793.78999999999,8
CUST12454,270572.04,55972.04,8
CUST11273,270497.27999999997,61697.28,4
CUST12470,270409.76,68509.76000000001,8
CUST12786,270231.39999999997,67731.40000000001,3
CUST12818,269893.85,54993.85,7
CUST13037,269369.62,64969.619999999995,6
CUST10665,269304.89,68904.89,7
CUST12897,269161.25,54161.25,4
CUST10871,268862.98,54362.98,4
CUST12426,268830.0,57930.0,3
CUST13171,268668.57,42568.57,3
CUST10467,268664.77999999997,64964.78,6
CUST10470,268122.5,55222.5,5
CUST12771,267990.33999999997,51390.34,5
CUST10885,267671.03,65971.03,6
CUST12777,267597.1,49997.1,6
CUST10100,267549.8,68049.8,4
CUST12451,267529.38,49229.38,6
CUST10913,267382.33999999997,64582.34,4
CUST11522,267370.88,90370.88,2
CUST11397,267260.04,62060.04,8
CUST10846,267239.69,60939.689999999995,8
CUST10826,267069.6,52869.6,3
CUST11689,266968.02,60168.020000000004,6
CUST11796,266927.5,54727.5,4
CUST12369,266869.1,61269.1,4
CUST12766,266837.68,44237.68,7
CUST10296,266704.25,66404.25,6
CUST12037,266598.33999999997,73498.34,8
CUST12974,266127.65,62527.65,7
CUST11631,266025.12,41225.119999999995,3
CUST11726,265366.38,56266.38,6
CUST10829,265314.08,60314.08,3
CUST12580,265097.9,68897.9,5
CUST12622,264454.2,61854.2,5
CUST12743,264402.32,63002.32,4
CUST12232,264319.38,39919.380000000005,5
CUST12693,264171.7,68671.7,5
CUST10097,263702.19,58902.19,4
CUST11250,263597.42,56197.42,3
CUST10113,263552.57,61452.56999999999,6
CUST10690,263298.07,76898.07,5
CUST11135,262996.72,63096.72,5
CUST12558,262639.21,52139.21,7
CUST10716,262603.18000000005,67103.18,4
CUST11065,262574.16000000003,74874.16,7
CUST10268,262408.46,55208.46000000001,6
CUST11870,262351.77,70251.77,3
CUST11793,262306.12,61306.12,7
CUST11148,262285.44,60385.44,6
CUST11202,262152.19,60052.189999999995,7
CUST11766,262043.12,64343.119999999995,4
CUST11574,261965.55,58565.55,7
CUST12189,261870.09999999998,58070.100000000006,4
CUST12610,261815.24,64815.24,5
CUST12219,261786.05000000002,44786.05,5
CUST12257,261459.41999999998,62359.42,4
CUST10099,261398.56,44398.56,3
CUST12392,261238.38,73838.38,4
CUST12529,260997.52,42797.520000000004,5
CUST11865,260604.03,60404.03,5
CUST10631,260395.0,57995.0,6
CUST10223,260152.64,63052.64,8
CUST12628,260130.98,65130.979999999996,6
CUST11718,259960.42,55060.42,5
CUST11051,259886.16,63486.16,6
CUST12855,259797.72999999998,50097.729999999996,8
CUST12653,259775.2,53575.2,4
CUST10187,259623.44,51223.44,6
CUST11364,259065.6,51065.6,3
CUST11179,258967.56,51167.56,5
CUST12463,258509.55000000002,57809.55,5
CUST12696,258505.84,65905.84,7
CUST11716,258157.09,73357.09,3
CUST11496,258112.72,65612.72,3
CUST10209,258009.41999999998,60709.42,9
CUST10520,257936.7,58736.7,5
CUST12025,257875.87,67375.87,6
CUST12214,257817.37000000002,47117.37,8
CUST10438,257417.12,65017.119999999995,4
CUST12377,256843.53,61243.53,6
CUST11821,256839.71999999997,64039.72,6
CUST10503,256834.2,70834.2,7
CUST12209,256667.28,31367.28,6
CUST11753,256635.22999999998,50035.229999999996,3
CUST11056,256523.22999999998,66623.23,7
CUST13162,256274.49999999997,55974.50000000001,4
CUST10466,256253.47999999998,58853.479999999996,7
CUST10523,256247.6,77947.6,6
CUST13173,256177.28999999998,62977.29,5
CUST11341,256011.93,47611.93,6
CUST10131,255974.86,49774.86,6
CUST13085,255713.44,68613.44,5
CUST12332,255600.13,68600.13,6
CUST11124,255060.5,52860.5,4
CUST12138,255009.0,57109.0,4
CUST13007,254694.06,60694.06,7
CUST12522,254630.59999999998,62630.600000000006,5
CUST11067,254611.94,75811.94,7
CUST10525,254440.47999999998,79040.48,4
CUST13116,254360.0,42260.0,6
CUST10742,254184.22,55784.22,4
CUST11259,253566.46,52966.46,4
CUST11222,253367.63000000003,56867.63,3
CUST12268,253333.07,51233.07,4
CUST10247,253205.8,54405.8,3
CUST10912,253124.25999999998,51624.26,3
CUST13092,253120.16999999998,56920.17,6
CUST12368,253095.8,57295.8,4
CUST12365,253073.44,69973.44,7
CUST11407,252848.84999999998,58448.85,5
CUST10475,252788.92,59288.92,4
CUST11284,252520.38,64520.380000000005,4
CUST13026,252500.58000000002,66100.58,4
CUST12012,252139.25,67939.25,7
CUST10266,252074.16,55074.159999999996,3
CUST10447,252023.06,50123.06,10
CUST11063,251739.35,58239.350000000006,6
CUST11282,251667.01,42667.01,3
CUST11776,251603.85,54803.85,7
CUST11732,251507.2,64107.200000000004,5
CUST11993,251399.21,47399.21,6
CUST12330,251194.82,46494.82,5
CUST10137,250893.59999999998,56993.600000000006,5
CUST11957,250873.46,56873.46000000001,6
CUST12550,250853.4,79853.4,3
CUST10774,250764.07,64064.07,6
CUST10668,250567.69,78467.69,2
CUST10211,250446.56,59446.56,2
CUST13181,250080.86,52780.86,7
CUST11091,250071.34999999998,66871.35,7
CUST10473,250063.16,45363.16,4
CUST10328,249639.14,62539.14,8
CUST10497,249550.8,46550.8,4
CUST10621,249179.13999999998,42579.14,4
CUST10893,248943.8,53643.8,8
CUST12166,248934.68,56434.68,5
CUST12751,248904.41,48404.41,8
CUST13107,248763.72999999998,52363.729999999996,3
CUST11499,248543.19999999998,55343.2,4
CUST12252,248464.16,57664.16,7
CUST12577,248330.04,51130.04,4
CUST11944,248026.76,57326.759999999995,6
CUST11853,247996.56,67996.56,4
CUST12599,247914.12,55114.12,5
CUST12563,247803.87,67903.87,6
CUST10106,247801.9,58801.9,5
CUST11234,247581.71,50481.71,9
CUST12191,247530.22,71430.22,5
CUST11963,247415.18,61815.18,6
CUST11383,247153.85,23753.85,4
CUST11506,246918.97999999998,60118.979999999996,6
CUST10224,246778.82,54178.82,6
CUST12579,246746.01,59446.01,5
CUST11660,246591.29,50891.29,6
CUST10161,246361.61,69561.61,3
CUST11475,246226.03,67026.03,2
CUST13167,245827.96,63127.96,6
CUST12733,245787.24,69287.24,5
CUST11521,245781.07,51281.07,7
CUST10384,245673.32,60073.32,8
CUST12061,245639.52000000002,66439.52,7
CUST10241,245071.78999999998,56571.79,4
CUST13041,244835.3,49635.3,5
CUST10779,244525.71000000002,58125.71000000001,8
CUST11120,244368.24,67868.24,4
CUST12114,244254.22,67854.22,10
CUST11176,244168.51,64868.509999999995,7
CUST10114,244138.38,48038.38,6
CUST11208,244114.85,46014.85,5
CUST10662,243756.03,39756.03,7
CUST12701,243386.53,49386.53,5
CUST12889,243385.58000000002,57385.58,7
CUST12817,243383.57,57483.57,3
CUST10290,243033.81,55033.81,6
CUST11952,242993.14,45093.14,4
CUST12299,242768.74000000002,75368.74,4
CUST11979,242734.26,55634.26,6
CUST10930,242617.9,53117.9,7
CUST12285,242559.28,48859.28,6
CUST11824,242462.5,65262.5,4
CUST12343,242348.69999999998,51948.700000000004,3
CUST11296,242194.0,48594.0,5
CUST11381,242031.13999999998,69331.14,7
CUST10339,241929.23,74529.23000000001,4
CUST11542,241795.63,53995.63,8
CUST10600,241729.83,59129.83,6
CUST12075,241729.04,70729.04000000001,4
CUST12393,241616.47999999998,52416.479999999996,4
CUST11583,241598.07,36998.07,5
CUST10267,241435.99,63035.99,6
CUST10234,241238.43,51138.43,4
CUST11515,241012.71,73712.71,6
CUST12059,240847.8,67847.8,6
CUST11112,240707.37,47007.37,5
CUST10998,240648.8,67248.8,3
CUST11405,240539.91999999998,65139.920000000006,9
CUST12367,240513.7,52713.7,5
CUST11206,240482.49,72182.49,6
CUST11934,240452.84,50652.84,5
CUST11782,240443.2,58443.2,3
CUST10269,240173.85,68573.85,8
CUST13005,240164.0,50664.0,3
CUST12042,239927.97,43427.97,8
CUST12846,239719.46,65219.46,7
CUST11278,239165.1,48265.1,8
CUST12240,238912.31,60212.31,8
CUST10487,238732.26,76332.26000000001,5
CUST13161,238632.69,46932.69,6
CUST11379,238504.16,54904.16,4
CUST11700,238424.94,43024.94,3
CUST10259,238372.9,57272.9,5
CUST12833,238366.16999999998,55366.17,5
CUST10075,238213.79,55513.79,6
CUST11695,238087.16999999998,68287.17,5
CUST11243,238055.01,65655.01,4
CUST10321,237806.8,46706.8,4
CUST10727,237675.52000000002,37175.52,2
CUST11302,237146.16999999998,76646.17,5
CUST10775,237142.6,41542.6,4
CUST12834,237086.68999999997,51286.69,5
CUST12295,236945.86,70345.86,4
CUST10660,236609.86,43909.86,5
CUST11054,236103.16999999998,52303.17,3
CUST12767,236050.37,51650.369999999995,7
CUST10325,235966.78,48066.78,5
CUST12027,235836.61,68136.61,4
CUST13187,235792.02000000002,52092.02,6
CUST12158,235727.06,50527.06,4
CUST10919,235461.46,50761.46,5
CUST12375,235122.41999999998,37222.42,4
CUST11425,235110.82,42310.82,4
CUST11547,234680.0,65280.0,3
CUST12461,234433.36,56333.36,8
CUST10303,234337.36,64337.36,4
CUST12496,234323.68000000002,39023.68,3
CUST12638,234295.40000000002,46095.4,3
CUST10422,234223.16999999998,68323.17,9
CUST10882,234090.30000000002,56090.3,4
CUST12909,233719.09,63819.09,8
CUST10747,233478.67,56778.67,6
CUST11772,233417.7,51317.7,8
CUST12561,233173.08000000002,65773.08,7
CUST12682,233105.03999999998,44305.03999999999,4
CUST10845,232991.25,44391.25,5
CUST12479,232730.4,33530.4,3
CUST11276,232563.53,57763.53,9
CUST10262,232502.84000000003,53302.84,6
CUST10683,232455.9,42455.9,6
CUST12575,232339.97,64339.97,1
CUST11991,232337.09999999998,50837.1,5
CUST11116,232194.96,51494.96000000001,4
CUST12852,232164.80000000002,51264.799999999996,7
CUST10657,232013.54,46713.54,6
CUST12623,231991.88999999998,60891.89,8
CUST12906,231960.3,76760.3,4
CUST11503,231416.56,55216.560000000005,6
CUST11600,231382.91,42782.909999999996,6
CUST10844,231347.56,47947.56,4
CUST10360,231222.09999999998,56122.100000000006,4
CUST12634,231200.15,47600.15,7
CUST12730,230933.36,58033.36,6
CUST10446,230851.12,62051.12,9
CUST10642,230838.22,59538.22,6
CUST12720,230793.54,40493.54,5
CUST11180,230782.84,51182.840000000004,3
CUST11920,230510.56,66010.56,3
CUST11749,230322.08000000002,50122.08,5
CUST10492,230308.31,36708.31,4
CUST10478,230087.92,40587.92,4
CUST10764,230086.0,54086.0,3
CUST12382,229906.79,46906.79,4
CUST13185,229878.22999999998,64878.23,7
CUST12903,229785.64,42285.64,4
CUST12657,229639.82,51139.82,6
CUST11928,229616.21,44416.21,5
CUST12958,229508.4,52008.4,5
CUST11127,229174.28,53974.28,4
CUST12581,229125.85,47725.85,8
CUST10229,229047.68,59447.68,8
CUST10326,228613.44,46513.44,4
CUST11322,228438.0,57638.0,3
CUST10546,228408.52000000002,55308.52,6
CUST12380,228269.54,53669.54,6
CUST12646,228238.55,46038.55,5
CUST11887,228184.53999999998,48984.54,5
CUST12446,228160.28,52260.28,4
CUST11635,228126.65,39726.649999999994,3
CUST10832,227952.24,44752.24,4
CUST12739,227907.36,46807.36,3
CUST12054,227760.97999999998,50060.979999999996,6
CUST12122,227565.24,51865.24,6
CUST12875,227506.53,54006.53,9
CUST10695,227391.03999999998,51591.04,5
CUST13193,227212.92,60212.92,6
CUST10373,227055.95,46555.95,6
CUST11791,226778.84999999998,45078.850000000006,6
CUST11905,226741.21,53241.21,9
CUST12999,226738.89,50138.89,4
CUST10039,226623.91,52323.909999999996,5
CUST12933,226503.71,50703.71,6
CUST13109,226105.6,52105.6,4
CUST11780,225933.33000000002,62933.33,7
CUST11830,225810.86000000002,67510.86,4
CUST10407,225793.56,41993.56,4
CUST11903,225755.87,54155.869999999995,6
CUST11698,225752.75,53052.75,5
CUST12067,225613.16999999998,47113.17,5
CUST10854,225490.08000000002,56790.08,3
CUST13056,225353.74,56453.74,7
CUST11285,225060.4,44660.4,4
CUST12354,224994.04,58594.04,4
CUST10819,224918.02000000002,48318.020000000004,6
CUST10347,224612.0,46012.0,4
CUST10101,224603.41,58203.41,8
CUST10428,224262.96,48262.96,4
CUST11081,224257.26,47657.26,4
CUST12215,224227.07,54027.07,6
CUST10130,224216.72,54816.72,4
CUST12224,223887.12,30187.12,4
CUST13046,223719.6,42719.6,3
CUST10065,223468.7,53968.700000000004,6
CUST12956,223441.47,50641.47,6
CUST10889,223418.44,54618.44,6
CUST12542,223195.22,46495.22,5
CUST11003,223156.46,50656.46,8
CUST12872,223066.9,44566.9,5
CUST12383,223060.18,57960.18,4
CUST12126,222928.34,50728.34,6
CUST11442,222858.16,36558.16,6
CUST11160,222565.13,48465.130000000005,7
CUST10597,222266.69999999998,45266.700000000004,4
CUST10535,222246.38,47646.380000000005,7
CUST12977,222200.38,64400.380000000005,5
CUST10230,222137.19,32937.19,5
CUST10976,221743.14,50743.14,7
CUST10020,221689.94,58889.94,4
CUST12879,221357.44,55557.44,4
CUST13115,221273.52000000002,46173.520000000004,5
CUST11746,221079.81,51779.81,8
CUST11898,221039.43999999997,56439.44,3
CUST10188,221025.22,44125.22,5
CUST13142,221010.81,59010.81,4
CUST10504,220951.05,50651.05,7
CUST11083,220935.26,53835.259999999995,8
CUST12736,220870.72,51870.72,4
CUST10941,220649.36,57449.36,6
CUST11352,220645.99,49545.99,7
CUST12866,220628.65,55528.65,7
CUST11714,220379.91,58979.909999999996,4
CUST10810,219840.19,39640.19,5
CUST10990,219734.27999999997,62934.28,4
CUST11418,219418.2,46718.2,6
CUST12093,219340.77,59940.770000000004,6
CUST10636,219070.69,58170.69,9
CUST12745,218813.3,46113.3,7
CUST11602,218477.38,43477.380000000005,6
CUST12427,218262.22,51162.22,4
CUST10949,217949.36000000002,50549.35999999999,6
CUST11286,217947.5,48147.5,3
CUST10618,217901.1,49901.1,4
CUST12260,217886.4,59186.4,6
CUST11263,217806.48,56306.48,6
CUST11024,217803.12,53003.119999999995,3
CUST13118,217737.19,48037.19,8
CUST12187,217710.82,51010.82,8
CUST10318,217671.96,47771.96,4
CUST11717,217572.86,38972.86,6
CUST12519,217224.53,56124.53,4
CUST12501,217192.54,46592.53999999999,6
CUST10485,216920.08000000002,49120.08,5
CUST12379,216860.8,44560.8,3
CUST11822,216694.68,45894.68,5
CUST12796,216543.90000000002,39643.9,3
CUST12102,216490.94,66890.94,3
CUST11494,216024.28000000003,57224.28,3
CUST11875,215968.21000000002,49168.21,4
CUST12091,215919.48,45219.48,2
CUST12433,215765.97,56865.97,8
CUST10557,215649.32,45449.32,6
CUST12459,215595.44,46995.44,5
CUST10205,215371.72,48971.72,7
CUST11915,215199.05,51199.049999999996,6
CUST11049,215088.43,46788.43,6
CUST13174,214845.66,55045.66,5
CUST10129,214844.72,45544.72,5
CUST12734,214810.43,43810.42999999999,3
CUST12722,214778.15,64678.15,4
CUST12649,214704.5,43604.5,5
CUST12874,214619.2,58119.2,5
CUST12402,214584.78,29984.78,3
CUST11053,213696.16,43496.16,3
CUST11193,213581.3,64381.3,2
CUST10931,213358.45,51758.45,7
CUST11084,213256.2,59156.200000000004,6
CUST13114,213085.51,49585.51,5
CUST10869,212891.36,54691.36,5
CUST10570,212610.53999999998,40110.54,4
CUST12313,212608.96000000002,53608.96,3
CUST12028,212499.9,59399.9,6
CUST12724,212462.91999999998,40862.92,6
CUST12606,212447.63999999998,42347.64,5
CUST10613,212128.08000000002,50528.08,6
CUST11959,212044.71,31244.710000000003,5
CUST10920,211959.85,37159.85,3
CUST11021,211894.82,52894.82,5
CUST11549,211696.52000000002,61596.520000000004,4
CUST12802,211687.45,42187.450000000004,6
CUST12973,211660.55,43360.55,5
CUST10080,211484.13999999998,41284.14,6
CUST13038,211460.13999999998,50960.14,4
CUST11610,211421.91999999998,28921.920000000002,3
CUST12511,211395.54,42295.54,6
CUST12308,211371.92,36671.92,7
CUST13188,211148.4,45048.4,5
CUST13178,211097.4,38197.4,4
CUST11510,210980.06,28380.059999999998,4
CUST10378,210942.38,49042.38,5
CUST13013,210865.52,54565.52,5
CUST11642,210678.37,55378.369999999995,6
CUST11030,210616.71000000002,65416.71,4
CUST10824,210479.7,34779.7,5
CUST10872,210394.09,57094.090000000004,4
CUST12990,210382.47999999998,56482.479999999996,3
CUST10796,210213.08000000002,40113.08,5
CUST10579,209988.7,31488.7,4
CUST13022,209725.74,42225.74,5
CUST12666,209477.6,56277.600000000006,4
CUST11025,209039.34,47139.340000000004,5
CUST12809,208872.59999999998,39672.600000000006,3
CUST12300,208772.7,52672.7,7
CUST12994,208606.97,44506.97,6
CUST12731,208557.92,57357.92,8
CUST11201,208551.47,43951.47,7
CUST10577,208465.0,52165.0,4
CUST12106,208393.76,58593.76,5
CUST11149,208380.31,55580.31,3
CUST13194,208165.38,61465.38,8
CUST10249,208148.97999999998,53748.979999999996,6
CUST11924,208108.43000000002,57108.43,5
CUST12615,208073.6,25573.6,2
CUST10651,207873.68,35773.68,2
CUST11953,207791.42,41491.42,5
CUST11927,207550.22,45350.22,3
CUST11809,207446.4,39446.4,1
CUST12980,207331.32,54531.32000000001,5
CUST11836,207310.8,46510.8,5
CUST12290,207109.09999999998,61109.1,2
CUST11895,207013.39,44413.39,6
CUST10270,207000.11,41000.11,3
CUST11633,206937.47,48937.47,4
CUST11685,206886.56,44986.56,5
CUST11572,206766.58000000002,55166.58,7
CUST10980,206641.43,49941.42999999999,4
CUST10435,206640.44,52040.44,5
CUST10001,206609.76,46809.76,5
CUST10863,206592.77000000002,41792.770000000004,5
CUST10567,206579.3,39379.3,4
CUST11623,206571.19,54571.19,8
CUST12145,206525.2,44525.2,3
CUST11248,206502.21,44102.21,5
CUST12414,206477.77,50377.77,6
CUST12929,206456.09,51056.090000000004,8
CUST13068,206010.0,47210.0,6
CUST10494,205817.41,51017.41,6
CUST11540,205786.04,44186.03999999999,5
CUST11472,205453.9,52753.9,8
CUST12878,205446.5,43146.5,6
CUST11483,205389.72,39589.72,5
CUST11145,205358.08000000002,45458.08,5
CUST10496,205232.76,40832.76,5
CUST10238,205202.21999999997,54302.22,6
CUST10815,204889.9,55989.9,6
CUST11144,204586.2,41386.2,4
CUST10460,204533.28,26533.28,2
CUST11721,204366.01,61966.009999999995,4
CUST10649,204343.07,39943.07,6
CUST12004,204218.1,40718.1,3
CUST10345,204187.53999999998,53687.54,6
CUST11739,204181.7,48581.7,6
CUST13004,204161.68000000002,61561.68,5
CUST12632,204154.24,54154.24,2
CUST11762,203943.88,57643.880000000005,4
CUST12656,203910.56,44410.56,3
CUST11190,203657.25999999998,50057.26,8
CUST13036,203416.15,35716.15,5
CUST11139,203267.9,58667.9,5
CUST10656,203092.63999999998,57992.64,3
CUST12517,203078.43999999997,40878.44,5
CUST12161,202829.94,50629.94,6
CUST10135,202817.05,48017.05,3
CUST10311,202710.26,44810.26,7
CUST11015,202562.28,48762.28,7
CUST11877,202547.11,42447.11,6
CUST13191,202532.93,41032.93,2
CUST10364,202528.9,47928.9,4
CUST11937,202508.52999999997,44208.53,4
CUST11579,202345.14,54345.14,6
CUST11691,202227.59999999998,49027.6,4
CUST10273,202215.53,47015.53,4
CUST10002,201926.92,52126.92,6
CUST12039,201919.7,39919.7,4
CUST12388,201753.6,47953.6,4
CUST13184,201668.88,50068.880000000005,7
CUST10138,201641.04,46141.03999999999,3
CUST12962,201593.25,57593.25,2
CUST10186,201443.91,44343.91,6
CUST10997,201337.55,43837.55,6
CUST10082,201235.16,39135.16,3
CUST12465,200689.28,39589.28,5
CUST12333,200582.35,48682.35,5
CUST12171,200563.02999999997,52463.03,5
CUST11611,200450.5,48150.5,5
CUST13112,200315.01,33415.01,4
CUST12668,200212.33000000002,40012.33,4
CUST12867,200149.63,41949.630000000005,7
CUST11541,199830.82,44830.81999999999,4
CUST10044,199783.0,48583.0,5
CUST12453,199614.0,51114.0,2
CUST10152,199535.65000000002,53435.649999999994,7
CUST10392,199498.54,50098.54,6
CUST12141,199429.47999999998,44129.48,6
CUST10550,199421.24,45021.24,7
CUST12951,199144.8,40344.8,3
CUST11012,199104.25,48104.25,6
CUST11783,199062.75,41962.75,6
CUST12148,199047.95,55447.95,5
CUST12637,198763.53,46063.53,5
CUST11199,198460.4,42660.4,3
CUST11960,198400.41999999998,38000.42,4
CUST12371,198192.38,34892.380000000005,7
CUST11214,198061.53,42161.53,4
CUST12870,197839.26,38539.26,4
CUST10934,197722.56,51222.56,3
CUST10935,197584.52,48984.520000000004,6
CUST12795,197431.43000000002,61031.42999999999,5
CUST10733,197410.75,52710.75,4
CUST10416,197124.7,47124.7,4
CUST12254,197089.8,41289.8,4
CUST11470,196901.39,57301.39,6
CUST10529,196691.56,44191.56,8
CUST11869,196638.52,43838.52,6
CUST10586,196524.32,25724.32,3
CUST10900,196519.3,38119.3,4
CUST11724,196232.95,33032.95,4
CUST12979,196231.48,44431.48,6
CUST12071,196071.36,52071.36,5
CUST11999,195998.03999999998,42298.04,3
CUST13071,195818.4,31818.4,3
CUST10835,195715.24,47315.24,4
CUST13108,195634.55,50234.55,6
CUST11743,195616.22999999998,53016.229999999996,7
CUST11348,195432.2,40632.2,3
CUST10709,195246.8,54546.8,6
CUST13033,195238.64,52738.64,5
CUST11708,195228.26,40528.259999999995,4
CUST12373,195037.39,53737.39,6
CUST10092,194883.47,50883.47,5
CUST10332,194796.25,45496.25,7
CUST12353,194774.72,36374.72,5
CUST11925,194463.5,39563.5,6
CUST10377,194211.58,38511.58,5
CUST10856,194209.86,53009.86,4
CUST11792,194118.5,39218.5,5
CUST10482,193936.0,41436.0,4
CUST10790,193730.64,58030.64,4
CUST10772,193669.46000000002,48669.46,4
CUST10511,193661.63,47061.63,5
CUST10606,193289.71000000002,38189.71,4
CUST10087,193252.25,45452.25,3
CUST10406,193220.86,41120.86,6
CUST12541,193209.47,52309.47,4
CUST11390,193186.8,47786.8,3
CUST10914,193007.68,35307.68,7
CUST10337,192912.38,42412.380000000005,7
CUST12115,192801.54,33501.54,6
CUST11093,192515.45,51815.45,4
CUST12262,192470.04,49270.03999999999,4
CUST13199,192433.81,53533.81,7
CUST11501,192390.14,44890.14,5
CUST11667,192014.57,46614.57,7
CUST12687,191925.62,46625.619999999995,4
CUST12310,191868.4,54868.4,3
CUST11260,191840.46,44740.46,8
CUST10381,191825.2,37025.2,2
CUST12445,191718.43,48518.43,5
CUST11372,191497.6,66997.6,2
CUST12345,191455.6,63955.6,2
CUST12853,191393.09,46893.09,7
CUST10731,191042.84999999998,39542.850000000006,6
CUST11649,191021.0,48721.0,5
CUST13014,191013.98,49013.979999999996,5
CUST12941,190972.74,62772.74,3
CUST13176,190938.32,42038.32,4
CUST12548,190788.83,36588.83,6
CUST11256,190646.93,43046.93,9
CUST12276,190447.90000000002,54647.9,5
CUST10023,190324.53999999998,49324.54,4
CUST10147,190297.66,40497.66,5
CUST12975,190159.94,39159.94,7
CUST11069,189805.03,44305.03,5
CUST11864,189283.0,42783.0,6
CUST13061,189023.63,45723.63,4
CUST12914,188761.34,42461.34,6
CUST13001,188675.12,44575.119999999995,7
CUST12684,188120.80000000002,47920.799999999996,2
CUST10693,187722.94,40822.94,5
CUST11912,187352.6,42952.6,3
CUST12391,187265.27,41865.270000000004,4
CUST10862,187184.62,56884.619999999995,4
CUST12600,187172.5,40172.5,3
CUST10966,187095.1,39295.1,3
CUST11502,187036.59999999998,43436.6,4
CUST10440,186800.5,33800.5,5
CUST11301,186751.12,53651.12,8
CUST10911,186635.78,45335.78,6
CUST11373,186519.5,49919.5,4
CUST12306,186382.36000000002,54582.36,8
CUST11426,186304.93,56704.93,5
CUST12052,186217.26,42017.259999999995,4
CUST10400,186094.94,43694.94,4
CUST10540,185880.36000000002,60480.36,4
CUST11946,185778.49,59078.49,5
CUST12727,185762.2,39662.2,4
CUST10122,185295.74,41195.74,6
CUST12406,185239.6,33439.6,2
CUST11050,185225.74,44725.74,6
CUST12596,185136.11000000002,40036.11,3
CUST10986,184981.3,38081.3,5
CUST12643,184950.21999999997,37550.22,5
CUST12311,184791.94,43791.94,1
CUST11247,184676.84,33076.84,4
CUST10708,184635.03999999998,25635.04,2
CUST10374,184625.22,39825.22,4
CUST12182,184578.96000000002,40778.96,3
CUST13169,184562.4,46662.4,6
CUST10083,184538.8,42438.8,6
CUST11866,184225.3,32625.3,4
CUST12466,184136.51,25136.51,3
CUST12032,184062.19,43862.19,6
CUST11872,183895.82,45995.82,4
CUST13139,183876.87,43576.87,6
CUST12576,183808.14,49208.14,5
CUST13135,183540.28,53040.28,4
CUST10569,183376.15,40476.15,4
CUST11817,183368.66,36468.66,5
CUST10293,183329.06,49829.06,5
CUST11882,183176.8,49876.8,7
CUST11500,182871.08000000002,43171.08,6
CUST10760,182813.03999999998,50813.04,4
CUST11169,182455.61000000002,42955.61,4
CUST11883,182330.34,49530.340000000004,5
CUST11071,182171.24,40571.240000000005,4
CUST11938,181954.53,39154.53,8
CUST11558,181874.57,47174.57,5
CUST10713,181770.04,41370.04,5
CUST10562,181592.71,49392.71,8
CUST12422,181496.96000000002,45796.96,5
CUST13182,181412.11,45512.11,4
CUST11205,181378.17,39878.17,6
CUST12419,181358.69,42958.69,4
CUST11980,181229.1,33229.1,6
CUST10948,180619.3,40919.3,7
CUST10881,180246.76,47146.759999999995,6
CUST10210,180077.06999999998,34477.07,4
CUST12806,179977.91999999998,28977.920000000002,2
CUST10880,179943.91,42343.91,5
CUST11601,179749.65,53349.65,3
CUST11357,179734.58000000002,48334.58,4
CUST11391,179699.8,41899.8,5
CUST11440,179459.16,39659.16,6
CUST10179,179368.32,46668.32,4
CUST12773,178928.2,37528.2,3
CUST12359,178872.19,39372.19,6
CUST11376,178853.53,35653.53,4
CUST10847,178771.74,50271.740000000005,2
CUST11245,178677.72,42777.72,4
CUST12088,178634.99,37234.99,3
CUST12513,178581.65,35381.649999999994,3
CUST12107,178567.44,47767.44,5
CUST12705,178477.0,35177.0,5
CUST10278,178384.75,37484.75,5
CUST11744,178195.68000000002,33995.68,2
CUST11402,178088.08,37988.08,8
CUST10858,177952.32,37952.32,2
CUST12412,177546.68,44346.68,4
CUST11734,177507.01,19507.01,2
CUST11272,177479.96,41879.96,7
CUST11432,177462.65,40562.65,5
CUST11033,177415.44,41015.44,4
CUST11518,177412.97999999998,35512.979999999996,6
CUST10088,177405.48,31405.48,2
CUST11968,177341.77,43741.77,8
CUST13099,177185.31,50085.31,4
CUST11661,177046.51,41746.51,6
CUST12362,177010.34,45810.34,7
CUST10928,176531.07,50631.07,6
CUST13067,176529.36,39329.36,4
CUST10190,176483.3,41583.3,5
CUST12434,176439.42,44739.42,7
CUST11639,176350.27000000002,54450.270000000004,5
CUST12495,176295.38999999998,30095.39,3
CUST10254,176091.74,44991.740000000005,4
CUST12085,176086.05,40686.05,5
CUST12319,176007.5,42007.5,4
CUST12831,175966.34,45666.34,7
CUST11858,175751.6,32151.6,3
CUST11487,175464.68,33864.68,5
CUST12112,175428.96,53328.96,3
CUST11303,175332.61,38732.61,4
CUST10555,175250.1,35050.1,3
CUST13053,175175.02,42075.020000000004,6
CUST12920,175063.2,42563.2,3
CUST12617,175060.53999999998,46360.54,5
CUST12717,174867.0,37967.0,4
CUST10787,174860.0,33360.0,4
CUST11441,174723.47,45723.469999999994,4
CUST12086,174674.19,33574.189999999995,5
CUST11393,174595.4,45195.4,4
CUST10906,174374.32,34474.32,3
CUST10464,174164.04,48964.03999999999,4
CUST10036,174035.78999999998,34635.79,5
CUST11819,173895.63,40895.63,5
CUST11665,173847.52000000002,32847.52,4
CUST10777,173560.8,27860.800000000003,3
CUST10933,173410.8,32410.8,1
CUST12861,173357.66,53957.66,6
CUST11408,173336.22999999998,39336.229999999996,5
CUST10758,173276.36,22076.36,4
CUST12678,173244.88,38344.88,5
CUST10751,172970.6,41070.6,4
CUST10255,172959.87,37259.87,5
CUST12857,172760.66,39860.66,4
CUST10890,172663.4,46463.4,4
CUST11045,172652.48,38852.479999999996,5
CUST12934,172374.21000000002,38374.21,4
CUST11731,172304.02000000002,45204.02,4
CUST11265,172244.77000000002,37444.77,4
CUST12538,171883.85,46083.850000000006,4
CUST10653,171828.58000000002,36028.58,6
CUST11706,171826.15,28226.149999999998,4
CUST10201,171655.87,28855.87,2
CUST12911,171484.54,40284.54,4
CUST11229,171402.23,43902.229999999996,5
CUST12516,171401.11,38001.11,7
CUST12288,171343.66,46743.66,5
CUST10745,171331.39,31031.39,3
CUST10167,171325.42,50525.42,4
CUST12590,171307.89,46307.89,7
CUST10640,171184.9,37784.9,6
CUST12047,171127.40000000002,40527.4,4
CUST12109,170986.09,50586.09,3
CUST10056,170892.87,40592.869999999995,6
CUST11257,170859.7,44859.7,2
CUST12289,170775.03,38775.03,5
CUST12277,170763.98,32963.979999999996,5
CUST10807,170745.86,42245.86,5
CUST11210,170727.39,36727.39,4
CUST13150,170719.7,32219.7,6
CUST10076,170709.46,43909.46,4
CUST10127,170547.4,48647.4,4
CUST10545,170507.63,37307.63,5
CUST11306,170456.93,42356.93,9
CUST11178,169764.66,36964.66,3
CUST13088,169694.56,55694.56,2
CUST12097,169521.44,43121.439999999995,4
CUST10991,169359.51,41459.51,3
CUST12534,169279.86000000002,30179.86,4
CUST11958,169093.27,36393.27,6
CUST13124,169088.44,46488.44,6
CUST11237,168379.04,41779.04,3
CUST10659,168370.72,42570.72,3
CUST10616,168241.13999999998,44241.14,4
CUST11684,168147.6,31747.600000000002,2
CUST11581,167976.08,36076.08,4
CUST12108,167830.56,28630.56,4
CUST11271,167695.54,36695.54,3
CUST12263,167671.91999999998,37271.92,6
CUST11532,167424.81999999998,31324.82,7
CUST12304,167264.21,38264.21,5
CUST11484,167242.8,34142.8,5
CUST13003,167189.44,45989.44,8
CUST12322,167170.12,40370.12,7
CUST10795,167120.18,55020.18,6
CUST12100,166953.58,43953.58,5
CUST12562,166722.57,43622.57,3
CUST10109,166668.16,29668.159999999996,2
CUST10628,166648.71000000002,34348.71,4
CUST12316,166640.77,26540.77,4
CUST10012,166634.5,30134.5,2
CUST10448,166583.96,43783.96000000001,4
CUST12784,166454.5,36154.5,3
CUST10767,166252.47,47852.47,7
CUST12937,166212.35,44812.35,6
CUST10812,166188.0,37888.0,5
CUST11831,165549.36,34649.36,4
CUST12123,165181.72,48581.72,3
CUST10698,165140.0,44240.0,7
CUST12173,165064.11000000002,42164.11,5
CUST11039,164992.8,23992.8,1
CUST11615,164909.18,42909.18,5
CUST12815,164898.02,35498.02,6
CUST11538,164734.08000000002,29734.08,2
CUST10978,164560.26,48160.26,6
CUST12503,164350.1,41650.1,5
CUST11359,164198.91,36998.91,5
CUST12087,164082.49,41482.49,6
CUST11095,163908.91999999998,36008.92,3
CUST10515,163870.35,40070.35,8
CUST11599,163779.06,40079.06,6
CUST10476,163598.16,34798.16,4
CUST10239,163568.72,35068.72,2
CUST10401,163519.0,39219.0,6
CUST11478,163368.77000000002,45368.770000000004,5
CUST12672,163329.86,34429.86,5
CUST12714,163327.19,27027.19,5
CUST10390,163286.47999999998,43786.479999999996,4
CUST10549,163009.21,53009.21,4
CUST10089,162565.34,33165.34,6
CUST11764,162353.18,44653.18,6
CUST10281,162328.6,40828.6,5
CUST10018,162301.72,32801.72,4
CUST10643,162078.0,40778.0,4
CUST13095,161986.28,30286.28,6
CUST10294,161964.82,33064.82,5
CUST11186,161930.5,36630.5,4
CUST10253,161901.58,38701.58,4
CUST12885,161864.5,28264.5,3
CUST11620,161441.54,35941.54,3
CUST11427,161257.69999999998,40457.7,6
CUST11806,161165.76,31465.760000000002,4
CUST12968,161142.4,28642.4,2
CUST10605,161140.79,33740.79,6
CUST11896,161019.29,46619.29,7
CUST10172,160990.82,43790.82,6
CUST12026,160903.65,31703.649999999998,4
CUST13078,160643.08,33843.08,4
CUST11513,160353.24,35253.24,4
CUST10705,160180.45,29880.45,4
CUST10484,160010.5,32210.5,3
CUST10936,159859.88999999998,42859.89,5
CUST10634,159793.98,31793.98,3
CUST11910,159529.86,39529.86,5
CUST10587,159476.22,42476.22,6
CUST11687,159351.62,47751.619999999995,6
CUST11419,159019.84,36619.84,3
CUST11654,158673.04,28473.04,6
CUST12020,158659.48,33259.479999999996,4
CUST10859,158184.34,28484.34,5
CUST10343,158014.69,34314.69,6
CUST10736,157954.44,36954.44,4
CUST10814,157812.48,49812.48,1
CUST11790,157789.58000000002,41989.58,4
CUST13090,157607.42,34507.42,6
CUST10431,157431.1,26131.1,3
CUST13136,157242.28,41142.28,5
CUST13023,157185.49,40385.49,5
CUST11881,157113.72,35713.72,3
CUST12927,157074.0,32874.0,2
CUST10175,156994.5,43994.5,8
CUST11670,156959.74,34459.740000000005,3
CUST11651,156677.99,36677.99,7
CUST10607,156606.6,25606.6,6
CUST10732,156447.7,46547.7,6
CUST11795,156431.01,37931.01,8
CUST11893,156222.74,36122.74,5
CUST11157,156110.51,40010.51,6
CUST10465,156089.09,38589.09,5
CUST10706,156020.73,37420.729999999996,5
CUST12237,155825.46,23625.46,4
CUST10864,155807.94,45207.94,4
CUST11027,155501.2,42001.2,5
CUST11043,155500.76,25300.760000000002,3
CUST10518,155390.99,36690.99,5
CUST10013,155368.91999999998,47568.92,3
CUST11597,155256.24,31456.239999999998,5
CUST12357,155149.19,42949.19,7
CUST12165,155062.1,34362.1,5
CUST11137,154997.19,27997.19,4
CUST10228,154982.19,34182.19,4
CUST11977,154964.74,32964.740000000005,3
CUST12530,154895.16,43395.16,4
CUST11493,154881.1,38781.1,2
CUST12021,154822.36,25522.36,5
CUST13097,154666.52,30666.52,7
CUST11640,154605.39,27905.39,4
CUST10151,154529.28,26529.28,2
CUST11185,154524.89,40024.89,5
CUST11172,154457.6,32957.6,3
CUST10950,154227.99000000002,41427.99,5
CUST10999,154092.4,37292.4,3
CUST10330,154059.16,44159.16,3
CUST12432,153893.16,31893.16,5
CUST11658,153760.14,35360.14,5
CUST11740,153665.66,44165.66,5
CUST11825,153620.02000000002,26120.02,4
CUST11111,153470.0,35970.0,2
CUST10059,153415.21,39115.21,4
CUST11756,153383.02,39483.020000000004,4
CUST10198,153380.19,26780.19,3
CUST11451,153367.0,34967.0,2
CUST11236,153127.96,36827.96000000001,4
CUST10142,152505.96,37305.96,4
CUST11813,152464.18000000002,44264.18,4
CUST11177,152306.9,28906.9,3
CUST12408,152285.26,23385.260000000002,4
CUST11226,151947.21,32547.210000000003,6
CUST11560,151746.32,33446.32,3
CUST12816,151532.81,37232.81,6
CUST10178,151378.32,33678.32,6
CUST10770,151308.08,30908.08,3
CUST10068,151170.5,34170.5,6
CUST12756,151139.8,40339.8,7
CUST12462,151134.73,27634.73,4
CUST13145,151038.64,33138.64,3
CUST10195,150899.34999999998,36999.35,5
CUST11345,150862.63999999998,40462.64,5
CUST11939,150792.0,38292.0,2
CUST10610,150743.38,31543.38,6
CUST10582,150662.16,34462.16,4
CUST12444,150637.38,45437.38,7
CUST11647,150535.9,29535.9,3
CUST11450,150505.76,31105.760000000002,4
CUST10596,150472.71,22672.71,4
CUST12005,150390.71,29590.71,4
CUST11878,150262.56,35062.56,3
CUST11729,150167.96,40967.96,6
CUST11456,150047.53,37047.53,5
CUST10551,149936.53,36036.53,4
CUST10543,149665.6,33465.6,2
CUST12360,149663.12,41263.119999999995,3
CUST11204,149617.04,34317.04,4
CUST11565,149497.67,49697.67,3
CUST12381,149464.05000000002,35164.05,6
CUST12151,149265.16,24365.16,5
CUST12505,149158.41,39558.41,5
CUST11810,149113.66,36213.66,4
CUST11785,149074.62,28674.62,3
CUST10957,148987.44,45487.44,6
CUST11913,148518.88,27718.88,6
CUST11117,148495.26,44795.26,7
CUST11008,148491.59,32991.590000000004,4
CUST11457,148398.43,44598.43,3
CUST11585,148201.88,40501.880000000005,5
CUST11399,148028.52,36728.520000000004,4
CUST10218,148023.36,44223.36,3
CUST11099,147878.9,34078.9,4
CUST10402,147842.41,37542.41,4
CUST10813,147807.31,43507.31,6
CUST10149,147722.6,32522.6,2
CUST10947,147699.49,34799.49,6
CUST11270,147487.76,42887.76,4
CUST12723,147380.03999999998,32880.04,4
CUST11150,147120.38999999998,36020.39,6
CUST12525,146873.07,32173.07,6
CUST10456,146684.24,37684.24,4
CUST13075,146534.99,40434.99,5
CUST11313,146519.64,32719.64,4
CUST11554,146438.4,45438.4,7
CUST10604,146226.22,32626.219999999998,4
CUST11829,146181.74000000002,33181.74,4
CUST11943,146172.1,27672.1,2
CUST12338,146149.59,39449.59,4
CUST12134,146110.65,28510.65,4
CUST10410,146032.24,32032.24,4
CUST13155,146006.94999999998,26506.95,4
CUST12633,145944.22999999998,37644.229999999996,3
CUST13039,145595.2,34195.2,5
CUST10304,145353.6,33353.6,1
CUST10926,145273.64,29173.64,3
CUST10367,145211.56,35811.56,4
CUST10029,145053.66,37553.66,4
CUST10726,144927.1,27927.100000000002,3
CUST10054,144916.13,46816.13,2
CUST12571,144898.56,28998.559999999998,4
CUST12882,144724.31,34724.31,5
CUST11469,144681.22,34381.22,6
CUST11057,144358.98,28758.98,5
CUST10158,144282.4,28682.4,2
CUST10548,144211.26,38811.26,4
CUST11233,144020.98,33020.979999999996,6
CUST10884,143874.19,21574.190000000002,3
CUST11059,143852.33000000002,22852.33,4
CUST12366,143827.23,36727.229999999996,4
CUST11774,143735.82,24935.82,4
CUST10786,143377.43,36077.43,5
CUST10995,143360.92,27760.92,5
CUST12652,143333.7,34133.7,3
CUST12537,143307.36000000002,36807.36,5
CUST12472,143250.52,25650.52,3
CUST13153,143006.91999999998,37606.92,6
CUST12307,142960.84,32060.84,4
CUST12719,142713.56,29213.559999999998,5
CUST10403,142565.34,34565.340000000004,6
CUST12416,142465.08000000002,25165.08,3
CUST11358,142155.47,23855.47,5
CUST12439,142144.93,30144.93,5
CUST12321,142089.84,32789.84,4
CUST12825,142078.25,24178.25,3
CUST12394,142043.81,27443.809999999998,4
CUST13122,141874.62,40474.62,8
CUST11378,141705.34,27805.34,6
CUST11218,141522.0,24522.0,2
CUST12782,141333.37,37133.369999999995,5
CUST12186,141326.3,36926.3,3
CUST10439,141120.0,29120.0,1
CUST12998,141097.88,36497.88,4
CUST12029,140904.0,32904.0,1
CUST12568,140778.66,26278.660000000003,5
CUST11396,140766.91999999998,38866.92,5
CUST12331,140632.81999999998,32432.820000000003,5
CUST13123,140308.6,30408.600000000002,5
CUST10094,140192.06,25492.06,2
CUST11488,140128.93,40128.93,4
CUST10793,140085.41999999998,32985.42,3
CUST10664,139896.96,28096.96,3
CUST11886,139709.78,15909.78,4
CUST11307,139677.44,23377.44,2
CUST11459,139643.53000000003,38143.53,4
CUST12484,139549.48,32849.48,5
CUST12315,139293.29,35093.29,6
CUST12007,139265.38,36065.380000000005,6
CUST10344,139200.74,31200.739999999998,4
CUST11141,139004.01,31304.01,5
CUST10761,138963.36000000002,23263.36,5
CUST12888,138826.04,42326.04,4
CUST12987,138498.13999999998,28898.14,6
CUST12261,137924.42,42424.420000000006,2
CUST10155,137820.32,40620.32,5
CUST12770,137674.55,35774.55,4
CUST12605,137657.90999999997,27757.91,3
CUST11769,137657.2,26857.2,2
CUST10004,137462.91999999998,33662.92,3
CUST11232,137225.31,41125.31,3
CUST11291,137192.25,35792.25,3
CUST11575,137069.37,30869.370000000003,5
CUST10728,137067.92,38567.92,3
CUST12607,136692.72,35392.72,7
CUST12880,136454.4,24454.4,1
CUST11648,136407.04,35807.04,4
CUST10025,136050.28,38650.28,4
CUST11778,135970.69,24570.69,3
CUST12804,135965.67,31465.67,5
CUST10560,135913.73,22013.73,4
CUST10811,135482.56,31282.56,4
CUST11900,135380.73,44680.73,2
CUST10495,135207.21,29807.21,5
CUST11001,135121.17,44421.17,2
CUST12779,135113.48,31313.48,6
CUST11018,135070.48,26370.48,3
CUST11430,134747.39,27247.39,5
CUST11956,134590.62,27390.620000000003,4
CUST10677,134560.55,31660.55,3
CUST12764,134524.01,21624.010000000002,3
CUST10513,134464.22999999998,31664.23,5
CUST10119,134446.31,25546.31,3
CUST13119,134386.07,33386.07,3
CUST10481,134383.09,34283.090000000004,3
CUST13106,134272.27000000002,30172.270000000004,5
CUST12690,134092.61000000002,35892.61,4
CUST11395,133907.2,39907.2,1
CUST10635,133794.04,39794.04,4
CUST11644,133758.53,21158.53,4
CUST11029,133726.54,30926.54,4
CUST11671,133677.57,28477.57,5
CUST12436,133623.73,37723.729999999996,3
CUST10034,133538.5,37538.5,2
CUST11564,133238.8,15938.8,4
CUST12936,133235.9,30435.9,3
CUST11711,133183.12,32483.120000000003,2
CUST10554,132974.69,38374.69,8
CUST13086,132894.72,34894.72,1
CUST11020,132732.77,30732.769999999997,3
CUST11664,132504.08000000002,37604.08,5
CUST11163,132253.97,38153.97,3
CUST12683,132127.6,29127.6,2
CUST11775,132118.0,24618.0,3
CUST10924,132050.62,36450.619999999995,5
CUST12247,131986.48,36586.479999999996,6
CUST12775,131962.5,26062.5,3
CUST12011,131931.8,35531.8,3
CUST12197,131890.41999999998,33290.42,3
CUST12841,131708.59,36908.59,5
CUST11414,131640.65,28140.65,6
CUST11289,131594.71,24094.71,5
CUST12844,131547.94,35647.94,4
CUST11466,131520.65,33620.65,5
CUST11966,131462.3,19862.3,4
CUST11005,131455.8,32255.8,5
CUST12662,131426.0,24126.0,3
CUST12913,131414.08000000002,23014.079999999998,3
CUST11034,131412.4,25512.4,3
CUST10692,131143.99,30343.989999999998,4
CUST12744,131141.25,43141.25,1
CUST10735,131117.73,33317.729999999996,4
CUST11356,131087.65,31887.649999999998,4
CUST10276,131049.52,36649.52,3
CUST12515,130991.29000000001,34091.29,5
CUST12049,130980.24,22380.24,3
CUST13168,130962.25,31662.25,6
CUST11264,130945.89,36345.89,6
CUST10443,130929.76000000001,30929.76,2
CUST10382,130851.2,32351.2,3
CUST12282,130831.88,22831.879999999997,3
CUST10982,130815.85,26915.85,4
CUST10680,130799.78,35199.78,6
CUST12105,130561.15,35461.15,2
CUST10199,130529.91,33329.91,5
CUST10932,130380.25,25880.25,6
CUST12644,130337.34,31537.34,6
CUST10945,130168.87,35268.87,3
CUST10214,130165.45999999999,27565.46,3
CUST12557,130149.0,27849.0,5
CUST11814,130076.28,33176.28,4
CUST11609,130036.0,25036.0,2
CUST10939,129925.66,18325.66,3
CUST10556,129700.5,25300.5,2
CUST11544,129593.69,29293.690000000002,5
CUST11386,129410.85,25010.85,3
CUST10379,129193.31,35593.31,3
CUST12079,129190.5,29790.5,3
CUST10430,128990.22,39190.22,4
CUST10910,128968.2,28768.2,5
CUST11580,128950.02,25950.019999999997,3
CUST11619,128818.82,26118.82,6
CUST11438,128762.36,41862.36,4
CUST12199,128722.26000000001,31222.26,4
CUST12821,128179.18000000001,41179.18,5
CUST11759,128049.6,38449.6,3
CUST10409,128038.04000000001,26538.039999999997,4
CUST10923,128025.2,28825.2,3
CUST11738,127962.72,34462.72,6
CUST10048,127862.55,33062.55,3
CUST11121,127774.68000000001,20374.68,4
CUST11840,127695.12,20995.12,3
CUST10737,127635.39,40835.39,4
CUST12640,127621.44,26221.44,3
CUST12988,127492.12,17892.120000000003,2
CUST10951,127431.25,39231.25,5
CUST11401,127325.0,26425.0,4
CUST11763,127199.97,34099.97,3
CUST10534,126833.06,29433.059999999998,4
CUST11109,126801.44,27301.44,4
CUST12585,126794.47,39294.47,6
CUST10679,126665.28,32665.28,1
CUST11902,126496.38,30796.38,6
CUST13105,126319.2,21519.2,3
CUST12070,126146.98,26846.980000000003,4
CUST13186,126072.0,14072.0,1
CUST13121,125949.28,36249.28,5
CUST12504,125936.16,24036.16,3
CUST12149,125846.18000000001,22046.18,3
CUST13016,125821.54000000001,32421.54,3
CUST11447,125808.31999999999,31308.32,6
CUST11064,125750.5,23750.5,3
CUST11133,125644.52,27444.52,6
CUST12222,125582.78,37982.78,4
CUST12826,125551.79000000001,37451.79,3
CUST10798,125420.05,29420.05,4
CUST10356,125324.71,32824.71,5
CUST11129,125302.88,31502.88,3
CUST10831,125180.16,29180.16,4
CUST11100,125180.02,42580.02,3
CUST10006,124904.23999999999,28304.239999999998,5
CUST10091,124754.87,32354.87,6
CUST10561,124714.05,29614.05,3
CUST11377,124520.59,26720.59,3
CUST10891,124433.13,26733.13,5
CUST10984,124393.1,30093.1,4
CUST11922,124386.92,39786.92,3
CUST12060,124176.8,20676.8,2
CUST10050,123730.39,40630.39,4
CUST12926,123589.59,34789.59,5
CUST11582,123265.25,40265.25,7
CUST10030,123196.24,28096.239999999998,3
CUST11629,122880.23999999999,27180.24,3
CUST10917,122776.11,26176.11,4
CUST11779,122399.02,23499.02,4
CUST10387,122387.58,29387.58,4
CUST10717,122275.02,18975.02,5
CUST11755,122174.64000000001,34074.64,3
CUST10185,122160.92,19960.92,2
CUST12901,122120.51,32220.510000000002,3
CUST12175,122015.12,26915.12,5
CUST12133,121991.27,27391.27,4
CUST12986,121888.7,26488.7,5
CUST11134,121725.71,25625.71,4
CUST10753,121723.24,23123.239999999998,3
CUST11482,121461.43000000001,28261.43,6
CUST12051,121244.6,30244.6,2
CUST12154,121202.16,32002.16,5
CUST10599,121112.55,28512.55,2
CUST11854,121011.20000000001,33811.2,2
CUST10288,120963.60999999999,36563.61,4
CUST11624,120864.3,36264.3,3
CUST13035,120863.32,25463.32,3
CUST12266,120818.31999999999,26918.32,3
CUST10086,120764.2,29364.2,3
CUST11037,120716.4,26316.4,2
CUST11638,120672.12,27772.120000000003,6
CUST12024,120526.48000000001,31926.48,3
CUST13055,120461.0,29261.0,4
CUST12082,120429.91,25129.91,3
CUST12966,120332.6,24832.6,5
CUST12944,120236.34,31436.34,3
CUST11715,120197.92,28397.92,4
CUST11215,120179.79000000001,29279.79,4
CUST10071,120045.1,20445.1,3
CUST10027,119944.64,28744.64,6
CUST11298,119916.65,27116.65,4
CUST12259,119907.97,31007.969999999998,4
CUST12959,119516.88,30416.879999999997,6
CUST10314,119508.23000000001,38408.229999999996,5
CUST10959,119396.57,36596.57,2
CUST11435,119372.32,34372.32,5
CUST12116,119362.92,34262.92,3
CUST10741,119313.35,32213.35,6
CUST10685,119204.4,34904.4,3
CUST12144,119186.2,32886.2,3
CUST12695,119071.28,35171.28,4
CUST12518,119035.04000000001,19035.04,2
CUST10417,118943.78,33443.78,4
CUST12648,118891.26000000001,24791.260000000002,5
CUST12847,118756.4,25756.4,2
CUST11688,118585.95999999999,31585.96,3
CUST11228,118572.64,29272.64,4
CUST11982,118437.31,27437.309999999998,2
CUST10652,118381.06,26781.06,5
CUST12096,118230.56,28130.559999999998,4
CUST11608,118146.15,29446.149999999998,5
CUST12205,117980.65,30980.65,5
CUST11411,117568.21,24568.21,5
CUST10483,117507.08,34607.08,3
CUST12552,117410.25,29910.25,4
CUST12270,117322.8,27322.8,4
CUST10514,117277.86,23377.86,3
CUST13175,117188.4,30688.4,3
CUST10420,117138.82999999999,28738.83,4
CUST11627,116877.74,26877.739999999998,3
CUST12324,116848.13999999998,33448.14,4
CUST12593,116799.93,29799.93,4
CUST12364,116791.48000000001,34291.48,5
CUST11682,116718.0,24518.0,2
CUST10348,116524.13,30524.129999999997,3
CUST11158,116416.39,27216.39,4
CUST11838,116157.42,31057.42,5
CUST10498,116079.18,28379.18,5
CUST12869,115983.15,31683.15,2
CUST12883,115962.0,31362.0,3
CUST13008,115863.90999999999,25163.91,2
CUST10319,115828.18000000001,27528.18,4
CUST12964,115811.5,26011.5,3
CUST11551,115784.65,26784.65,3
CUST11971,115768.09,18968.09,4
CUST12547,115643.95,30943.95,6
CUST11110,115614.06,32014.059999999998,6
CUST11346,115341.04000000001,23741.04,4
CUST11907,115302.88,29902.879999999997,3
CUST11443,115197.28,27397.28,3
CUST11978,115091.79000000001,37491.79,2
CUST11337,115066.10999999999,21266.11,3
CUST12865,115011.91,27911.91,5
CUST10419,115008.09,27308.09,4
CUST11989,115000.73,20600.73,3
CUST10359,114821.87,30021.87,4
CUST10566,114711.38,38411.380000000005,5
CUST12797,114621.02,30121.02,5
CUST12390,114394.26,29694.260000000002,4
CUST13157,114199.5,18799.5,4
CUST10771,114038.43,34238.43,5
CUST12008,113991.5,23291.5,2
CUST13018,113557.5,29557.5,1
CUST11634,113506.0,25506.0,1
CUST12050,113448.18,26448.18,3
CUST10357,113446.37,21046.37,3
CUST11151,113433.9,26533.9,4
CUST11108,113381.45,33981.45,7
CUST11802,113358.0,30958.0,2
CUST10226,113282.26000000001,29382.260000000002,6
CUST12155,113102.94,27802.940000000002,3
CUST12508,113066.32999999999,16766.33,3
CUST11212,113050.24999999999,30550.25,5
CUST12265,112964.44,25564.44,4
CUST12832,112934.83,29534.83,3
CUST12425,112523.6,24023.6,2
CUST12130,112500.92,37900.920000000006,4
CUST12471,112482.05,18482.05,1
CUST10971,112459.7,25859.7,4
CUST12301,112320.36,30620.36,4
CUST12099,112202.3,23102.3,6
CUST12415,112180.9,26580.9,5
CUST10748,111903.32,22203.32,2
CUST10391,111879.94,17079.94,3
CUST11335,111330.64,25830.64,3
CUST10538,111047.01000000001,26447.010000000002,4
CUST11195,110972.2,27572.2,3
CUST10093,110646.01999999999,30546.02,6
CUST10077,110568.83,27168.829999999998,4
CUST10274,110355.52,22355.52,3
CUST12762,110299.61,32399.61,4
CUST10286,110287.24,24287.239999999998,3
CUST10738,110286.4,28186.4,3
CUST11400,110152.37999999999,30552.38,6
CUST10139,110127.59999999999,25927.6,3
CUST13113,110074.92,29274.920000000002,6
CUST10590,110051.17,17151.17,3
CUST11606,110012.84,26212.839999999997,4
CUST10108,109931.9,24531.9,3
CUST10700,109920.78,26220.78,4
CUST12814,109764.32,27764.32,5
CUST10016,109720.8,20120.8,2
CUST10216,109713.2,24613.2,4
CUST12376,109663.95999999999,22163.96,3
CUST10804,109653.19,27753.19,4
CUST13094,109646.2,19146.2,3
CUST10154,109569.4,25969.4,2
CUST11577,109391.98999999999,29191.99,7
CUST10958,109314.22,22314.219999999998,3
CUST12193,109222.08,29622.079999999998,4
CUST13002,109221.52,21821.519999999997,5
CUST12098,109141.13,23941.13,6
CUST12016,109025.68,27725.68,5
CUST10843,108952.06,22052.06,3
CUST10694,108923.75,32423.75,4
CUST10221,108853.7,22753.7,4
CUST12905,108771.09000000001,32671.089999999997,3
CUST11328,108153.32,18153.32,3
CUST11935,108150.0,28150.0,2
CUST11404,108143.0,20943.0,2
CUST12403,108073.6,25973.6,3
CUST12780,108016.44,33716.44,4
CUST12033,107996.0,19996.0,1
CUST12997,107912.11,29112.11,4
CUST12228,107803.01000000001,32403.01,5
CUST10146,107635.0,25135.0,1
CUST11856,107579.14,25879.14,4
CUST13081,107546.9,19946.9,4
CUST12900,107489.90000000001,23589.899999999998,4
CUST12242,107480.52,26480.52,3
CUST11917,107444.0,33244.0,7
CUST10633,107263.96,30463.96,4
CUST12783,107178.12,25978.120000000003,2
CUST11504,107124.19,21424.19,3
CUST11588,107114.71,31414.71,7
CUST13025,107037.59999999999,27537.600000000002,2
CUST11367,106988.56,22588.56,2
CUST10625,106763.16,27663.16,3
CUST13198,106501.02,24001.019999999997,3
CUST12058,106426.14,25226.14,5
CUST12895,106292.99,25792.989999999998,6
CUST12916,106282.33,21082.33,2
CUST11908,106168.43999999999,29168.440000000002,2
CUST12174,106147.88,26047.88,3
CUST10720,106075.72,27775.72,4
CUST13074,105927.86,26227.86,6
CUST11645,105885.07,31785.07,5
CUST11548,105761.29000000001,33661.29,3
CUST11777,105470.45,28070.45,4
CUST12111,105290.57,23290.57,2
CUST11409,105066.92,29766.920000000002,4
CUST11086,104910.25,27610.25,4
CUST10079,104826.54999999999,26826.550000000003,6
CUST12800,104822.76000000001,24822.760000000002,4
CUST11693,104529.38,28629.38,3
CUST11890,104487.6,25087.6,3
CUST11022,104476.2,29276.2,5
CUST10250,104395.01999999999,34195.020000000004,5
CUST11936,104268.95999999999,26668.96,2
CUST11626,104228.19,29428.19,6
CUST11125,104007.29,30407.29,4
CUST12063,103903.72,22703.719999999998,3
CUST10729,103879.83,25779.83,3
CUST11536,103779.42,29479.42,4
CUST10123,103655.22,25855.22,3
CUST12477,103567.58,22967.58,4
CUST10486,103564.97,23664.97,4
CUST10298,103468.1,31168.1,6
CUST12323,103397.9,24497.9,6
CUST11333,103079.54000000001,25879.54,5
CUST12760,103055.6,24855.6,4
CUST12411,102851.0,16151.0,3
CUST11225,102510.74,24010.739999999998,3
CUST10619,102394.8,20994.8,3
CUST11319,102391.65,21891.65,4
CUST12536,102353.16,15953.16,3
CUST11330,102137.01000000001,28237.010000000002,4
CUST10242,102058.31999999999,27958.32,3
CUST10397,101937.84,23537.84,4
CUST11505,101846.0,22346.0,4
CUST10246,101652.72,25252.72,5
CUST12002,101625.8,27325.8,4
CUST10785,101555.92,23455.920000000002,3
CUST11622,101516.8,35516.8,1
CUST12961,101516.8,24116.8,2
CUST12965,101457.75,25257.75,2
CUST12947,101228.59,30028.59,5
CUST11223,101216.02,23516.02,5
CUST11241,101160.73999999999,24960.739999999998,3
CUST12305,101046.01999999999,21646.02,2
CUST12694,100763.21,25563.21,3
CUST12808,100711.66,10911.66,2
CUST10315,100663.02,32163.02,4
CUST11118,100567.6,19967.6,2
CUST10988,100528.77,25728.77,5
CUST10639,100399.56,17199.56,4
CUST11507,100347.69,19847.690000000002,4
CUST11089,100213.94,28013.94,5
CUST10501,100198.4,31198.4,2
CUST12275,100140.32,20040.32,3
CUST10805,100091.79999999999,25391.800000000003,3
CUST11240,99977.7,28077.7,4
CUST10078,99976.95,19576.95,4
CUST13029,99885.8,27785.800000000003,3
CUST12168,99765.8,24165.8,2
CUST10191,99448.84,17348.84,6
CUST12132,99445.26,25245.260000000002,3
CUST12092,99431.0,28931.0,4
CUST10124,99354.75,23154.75,2
CUST10280,99337.17000000001,27137.17,5
CUST11062,99323.98000000001,17823.98,3
CUST12326,99286.94,23486.94,4
CUST12787,99273.08,27473.08,6
CUST11315,99138.88,26138.88,6
CUST10427,99050.0,25850.0,4
CUST12438,99040.8,22640.8,3
CUST12236,98657.38,27657.380000000005,3
CUST10789,98578.2,21978.2,4
CUST10817,98530.3,16230.3,3
CUST12803,98495.62,32895.619999999995,4
CUST12178,98493.65,17793.65,3
CUST12919,98485.4,18485.4,2
CUST11523,98124.3,22124.3,4
CUST12899,98064.29000000001,26164.29,4
CUST10126,98058.8,22058.8,3
CUST11010,98045.28,23945.28,4
CUST12886,97945.13,26245.129999999997,3
CUST11552,97707.79000000001,19707.79,5
CUST10450,97636.33,22936.329999999998,4
CUST12629,97479.82,23479.82,4
CUST11748,97322.88,18122.879999999997,2
CUST13127,97246.82,18546.82,4
CUST11815,97079.56,22979.56,4
CUST11299,96902.4,17902.4,1
CUST10260,96699.78,24499.78,5
CUST11527,96619.15,21619.15,4
CUST12286,96392.8,19592.8,2
CUST11690,96152.52,20752.52,4
CUST11115,96101.6,23401.6,3
CUST12352,95706.67,30206.670000000002,4
CUST12279,95703.34,25603.34,3
CUST12234,95696.8,18296.8,2
CUST12233,95655.84,26055.84,2
CUST11421,95564.0,13864.0,2
CUST12074,95499.2,25099.2,3
CUST13070,95413.66,26513.66,5
CUST11618,95362.27,20162.27,3
CUST11509,95302.4,26802.4,2
CUST12791,95273.56,19473.559999999998,4
CUST12707,95229.68,20129.68,3
CUST11525,95169.76,21969.760000000002,3
CUST11429,95160.75,17760.75,2
CUST10581,95089.51999999999,23489.52,3
CUST12413,94926.12,23926.12,2
CUST12140,94902.78,25502.78,6
CUST11686,94828.90000000001,24228.899999999998,5
CUST11439,94760.0,18960.0,2
CUST10396,94662.36,21962.36,3
CUST10324,94465.84,24265.84,4
CUST12960,94080.0,20580.0,1
CUST11768,93844.8,26644.8,1
CUST12347,93812.1,19012.1,4
CUST12329,93676.45999999999,32576.46,4
CUST11255,93667.57,29367.57,8
CUST10522,93630.5,21930.5,3
CUST10133,93628.93,26228.93,4
CUST10637,93544.93,22944.93,5
CUST11398,93522.22,22222.22,3
CUST11941,92622.75,23222.75,4
CUST11009,92611.62,22311.62,6
CUST11656,92553.33,18153.33,3
CUST12772,92520.82,28020.82,4
CUST11630,92198.4,20198.4,1
CUST12925,91674.8,28474.8,3
CUST12167,91618.23999999999,20118.239999999998,2
CUST11512,91233.1,15133.1,2
CUST11699,91059.44,22559.44,3
CUST11801,90969.6,17469.6,1
CUST11674,90762.81,28362.81,4
CUST12586,90587.04000000001,19587.04,3
CUST11097,90469.3,20069.3,3
CUST11841,90419.07,24119.07,5
CUST10762,90354.43,11354.43,1
CUST11954,90318.1,18818.1,3
CUST12467,90097.28,16297.28,3
CUST11657,89917.35,21717.35,4
CUST13165,89909.71,26109.71,2
CUST11105,89718.94,24318.94,6
CUST11719,89704.48999999999,18804.49,6
CUST11187,89689.02,21989.02,3
CUST11511,89609.26000000001,21909.260000000002,3
CUST11258,89546.34,23946.34,5
CUST12437,89530.91,21430.91,3
CUST12128,89519.92,24719.92,6
CUST12066,89385.88,19285.88,4
CUST11249,89351.52,21351.52,4
CUST10233,89268.2,20868.2,2
CUST10609,89149.2,23949.2,3
CUST10739,89092.94,32092.94,5
CUST12732,88988.34,20488.34,5
CUST10252,88787.5,15687.5,3
CUST10718,88725.42,25525.42,5
CUST13082,88617.45,22917.45,4
CUST10584,88514.23,10614.23,3
CUST12514,88440.4,18340.4,4
CUST12801,88359.4,18859.4,4
CUST11485,88358.48,11558.48,2
CUST10110,88221.56,27421.56,2
CUST11220,88028.36,20328.36,3
CUST12624,87994.96,19694.96,3
CUST11646,87916.68,17916.68,3
CUST12828,87858.18,17458.18,3
CUST11123,87771.59,21371.59,4
CUST12992,87681.84,29081.84,3
CUST10825,87666.54000000001,19566.54,4
CUST12584,87605.18,19105.18,3
CUST11437,87330.94,11130.939999999999,2
CUST13189,87298.4,15798.400000000001,2
CUST12421,86944.85,24544.85,5
CUST12750,86899.95999999999,18299.96,3
CUST11524,86867.08,24667.08,4
CUST12689,86852.62,18052.62,3
CUST10418,86700.6,22700.6,3
CUST10823,86633.8,20633.8,3
CUST12608,86561.6,17761.6,5
CUST10975,86492.22,26192.22,4
CUST13069,86320.8,17520.800000000003,3
CUST11304,86291.24,16691.239999999998,3
CUST10879,86283.74,25283.739999999998,3
CUST12089,86191.39,17591.39,2
CUST12127,86157.5,18657.5,3
CUST11990,85567.94,20367.94,4
CUST12036,85554.26,22754.26,3
CUST11114,85551.98,24651.98,4
CUST12876,85077.44,25077.440000000002,4
CUST10480,84898.58,27398.579999999998,3
CUST11904,84850.36,15850.36,3
CUST12776,84694.45,19294.45,4
CUST11268,84652.0,22152.0,3
CUST10040,84436.8,17136.8,2
CUST12675,84303.04,13403.04,3
CUST11119,83879.08,25479.08,3
CUST11055,83833.76,15433.759999999998,2
CUST11329,83827.58,24127.58,3
CUST12848,83799.02,22199.02,4
CUST13166,83771.15,21771.15,2
CUST10724,83433.16,13933.16,3
CUST10922,83275.58,23375.58,5
CUST11843,82984.8,20984.8,2
CUST10617,82886.16,16986.16,3
CUST12963,82639.54,16939.54,4
CUST10899,82499.83,24999.83,3
CUST12192,82494.81,19194.809999999998,4
CUST10500,82488.2,17088.2,3
CUST12335,82454.15,16054.150000000001,4
CUST13062,82261.84,20861.84,3
CUST12238,82244.87,21444.87,5
CUST11586,82169.86,16169.86,2
CUST12907,82011.3,16011.3,4
CUST10598,81952.57,22252.57,5
CUST11498,81926.84,18926.84,3
CUST10962,81759.62,22259.62,3
CUST11388,81582.78,14682.779999999999,4
CUST10722,81458.7,25258.7,4
CUST12553,81189.76000000001,21789.760000000002,4
CUST11389,81030.57,22330.57,4
CUST13141,80890.02,19390.02,3
CUST10837,80873.07,15473.07,2
CUST10942,80605.18,20305.18,3
CUST11926,80449.96,18349.96,4
CUST10193,80433.70000000001,13633.7,2
CUST10369,80421.18,19321.18,4
CUST10783,80271.3,25471.3,5
CUST10353,80040.35,21440.35,3
CUST11480,79902.36,15302.36,3
CUST12626,79773.56999999999,21673.57,2
CUST10376,79742.59999999999,22042.600000000002,2
CUST12481,79625.84,19425.84,5
CUST12341,79517.01999999999,23017.02,5
CUST11362,79429.11,19129.11,3
CUST12915,79305.28,22505.28,6
CUST13028,79027.2,14827.2,1
CUST12245,78885.89,14685.89,2
CUST11576,78576.6,20676.6,4
CUST10888,78527.2,22327.2,3
CUST11235,78449.4,23349.4,4
CUST12664,78319.72,21419.72,3
CUST12894,78315.02,19515.02,3
CUST10868,78207.73,17707.73,3
CUST11605,78190.20999999999,25390.210000000003,4
CUST10684,78145.2,21545.2,3
CUST10663,78100.92,17000.92,4
CUST10258,78089.65,20689.65,3
CUST10208,78079.62,18479.62,4
CUST10411,77935.09,21635.09,4
CUST11867,77624.12000000001,24124.12,5
CUST11891,77516.04,9316.04,4
CUST12084,77449.4,20749.399999999998,2
CUST12198,77382.3,23982.300000000003,3
CUST11981,77365.65,24565.65,4
CUST13015,77258.3,17558.3,3
CUST10865,77124.95999999999,18224.96,5
CUST12018,77085.28,20785.28,4
CUST12064,77009.5,28409.5,6
CUST11239,76849.64,17849.64,4
CUST12142,76827.76000000001,17627.760000000002,3
CUST10752,76608.0,26208.0,2
CUST10630,76509.22,17609.22,3
CUST12948,76456.45999999999,16856.46,4
CUST12917,76452.54000000001,19452.54,4
CUST10317,76441.91,16141.91,3
CUST11730,76413.74,11113.74,4
CUST11142,76281.8,24981.799999999996,3
CUST12153,76226.05,21126.05,3
CUST12057,76075.8,16175.8,3
CUST10672,75892.46,24592.46,2
CUST10157,75774.22,21774.22,2
CUST12922,75733.17,24333.17,4
CUST12993,75310.93,15410.93,4
CUST12788,75134.18,22534.18,3
CUST11342,74907.1,15107.1,2
CUST10459,74277.88,22177.880000000005,3
CUST12996,74271.23999999999,17371.239999999998,3
CUST11835,74219.8,15019.8,2
CUST12225,73898.5,16098.5,2
CUST10563,73876.75,16076.75,2
CUST10331,73830.4,24830.4,1
CUST12185,73768.6,16168.6,2
CUST11132,73478.03,22278.030000000002,5
CUST11340,73446.1,15146.1,3
CUST10575,73396.47,19396.47,2
CUST13164,73298.70999999999,15498.71,2
CUST12294,73291.3,17591.3,4
CUST12489,73144.51,18844.510000000002,5
CUST12752,73092.92,19092.92,3
CUST12327,72891.04000000001,17091.04,3
CUST10081,72811.65,17311.65,5
CUST10834,72698.01000000001,16698.010000000002,5
CUST10166,72520.93,21220.93,5
CUST11392,72474.98999999999,22374.989999999998,4
CUST10967,72466.68,13766.68,2
CUST12531,72446.7,19246.7,4
CUST10042,72394.23000000001,22294.23,4
CUST11417,72237.89,13937.89,3
CUST12738,72231.93,17131.93,5
CUST11026,72013.34,16813.34,3
CUST11876,71970.17,11470.17,3
CUST10212,71600.37,12700.37,3
CUST12669,71383.2,17983.2,3
CUST11460,71303.1,13503.1,2
CUST13111,71088.95999999999,16988.96,3
CUST11101,70967.0,16367.0,2
CUST11546,70875.53,17875.53,6
CUST11855,70696.96,15896.96,5
CUST12473,70691.56,18791.559999999998,4
CUST12216,70638.2,15838.2,2
CUST10472,70452.0,14452.0,1
CUST12862,70334.82,20234.82,5
CUST12468,70254.84,13354.84,2
CUST12081,70082.61,18382.61,2
CUST12480,70064.7,16564.7,4
CUST11431,69522.11,18322.11,4
CUST12507,69391.73000000001,20891.73,3
CUST12971,69287.76,19687.760000000002,4
CUST11852,69132.98,17132.98,4
CUST11652,69009.25,20409.25,3
CUST12423,68657.23,15757.23,4
CUST10316,68461.98999999999,21761.989999999998,4
CUST13117,68403.66,18103.66,3
CUST10993,68321.37,13721.369999999999,4
CUST12708,68223.68,16623.68,3
CUST10009,68206.24,17206.24,4
CUST13125,68076.48,10176.48,4
CUST12989,67944.46,16444.46,4
CUST12152,67858.0,23658.0,2
CUST12887,67819.5,19419.5,5
CUST11584,67633.92,11633.92,1
CUST10527,67226.23999999999,22526.24,3
CUST11274,66881.43,18681.43,3
CUST12442,66839.79000000001,20939.79,2
CUST12499,66777.98,13177.98,2
CUST12686,66723.72,18023.72,4
CUST12407,66124.2,19524.2,5
CUST10526,65921.57,17121.57,4
CUST10163,65905.0,15805.0,2
CUST10125,65835.58,19235.579999999998,4
CUST12639,65477.3,16277.3,3
CUST10408,65389.439999999995,18989.44,4
CUST13054,65378.16,18778.16,3
CUST11745,65362.64,11362.64,3
CUST10490,65353.09,20853.09,2
CUST10820,65250.19,16850.190000000002,4
CUST12073,65164.12,13464.119999999999,2
CUST11800,65011.240000000005,12911.239999999998,2
CUST10687,64915.2,8915.2,1
CUST12303,64763.240000000005,19963.239999999998,3
CUST11988,64717.3,13817.3,3
CUST10886,64626.32,15626.32,2
CUST13196,64524.82,14324.82,3
CUST12488,64517.33,23717.33,4
CUST10183,64378.630000000005,18678.63,3
CUST11789,64164.94,16664.94,4
CUST10875,64099.2,18299.2,5
CUST10808,63944.8,17944.8,3
CUST10423,63539.58,9139.58,2
CUST10773,63246.12,22246.12,2
CUST11945,63106.51,17306.51,2
CUST12737,63094.0,13594.0,3
CUST11349,62830.0,15830.0,1
CUST10901,62648.72,12948.720000000001,2
CUST12957,62624.0,13624.0,1
CUST10491,62620.91,16320.91,5
CUST12062,62387.58,18387.58,1
CUST10355,62075.67,17675.67,4
CUST11277,61978.19,18478.190000000002,3
CUST10765,61556.1,17556.1,1
CUST12120,61357.85,10257.85,2
CUST12822,61261.759999999995,19561.760000000002,4
CUST10393,61182.0,12382.0,1
CUST10842,60980.5,12080.5,2
CUST10754,60945.299999999996,20645.300000000003,4
CUST11545,60812.98,15512.98,2
CUST11203,60654.130000000005,12754.13,4
CUST12206,60334.020000000004,17234.02,3
CUST11283,60296.69,11496.69,3
CUST12711,60097.1,13697.1,4
CUST12401,59910.24,16510.239999999998,4
CUST10203,59780.0,12780.0,1
CUST12405,59655.130000000005,17455.13,3
CUST13040,59480.29,17080.29,3
CUST11318,59340.36,16340.36,2
CUST12942,58841.36,19541.36,4
CUST11154,58776.7,19576.7,4
CUST12349,58561.33,14261.329999999998,4
CUST10874,58559.9,13459.9,3
CUST12506,58232.380000000005,12132.380000000001,2
CUST10710,57719.87,18819.870000000003,6
CUST10015,57709.6,11809.6,2
CUST10394,57676.2,10976.2,2
CUST12654,57597.600000000006,16997.6,4
CUST10697,57568.19,22268.190000000002,3
CUST10841,57457.52,14157.52,3
CUST11997,57441.520000000004,16841.52,3
CUST11760,57367.45,14167.45,2
CUST10024,57305.29,16905.29,5
CUST10032,57294.72,13294.72,1
CUST11473,57251.25,12851.25,3
CUST11490,56972.3,17572.3,3
CUST10682,56791.0,9791.0,1
CUST11566,56561.7,12861.7,3
CUST12819,56547.0,9547.0,1
CUST10654,56526.4,13726.4,1
CUST11371,56371.34,10371.34,2
CUST12829,56248.3,14948.3,4
CUST11387,56241.02,9241.02,1
CUST12372,56125.22,19525.22,2
CUST10363,56006.25,12806.25,2
CUST12486,55958.76,14858.76,4
CUST10257,55933.3,16433.3,2
CUST12939,55929.93,16429.93,2
CUST12202,55891.92,17791.92,2
CUST10310,55889.399999999994,6189.4,2
CUST10192,55812.96000000001,3812.96,2
CUST11035,55604.42,12604.42,2
CUST11497,55583.45,11783.45,2
CUST11617,55545.84,15745.84,4
CUST12195,55459.2,14459.2,2
CUST11230,55425.08,14925.08,3
CUST10200,55020.22,14220.220000000001,4
CUST11254,54984.44,15684.439999999999,3
CUST12985,54978.920000000006,15478.919999999998,3
CUST13080,54974.36,11574.36,4
CUST12527,54872.51,20372.510000000002,5
CUST11787,54628.229999999996,18528.23,6
CUST12792,54564.44,16564.440000000002,2
CUST13146,54209.32,19309.32,4
CUST12497,54073.38,17773.38,4
CUST10740,53998.0,9998.0,1
CUST11885,53877.84,13677.84,4
CUST13154,53494.28,12394.28,3
CUST11434,53435.64,13535.64,4
CUST12374,53418.759999999995,15618.76,4
CUST10312,53241.92,13841.92,3
CUST11517,53014.86,17114.86,3
CUST11085,53002.56,18002.56,2
CUST13103,52791.35,13791.35,2
CUST12706,52691.71,15891.71,3
CUST11848,52646.0,13446.0,3
CUST12137,52591.11,11891.11,3
CUST12559,52539.89,11739.89,3
CUST11820,52490.36,13290.36,3
CUST11868,52382.53,12082.53,3
CUST12000,52348.46,17248.46,2
CUST11155,52334.53999999999,14434.54,3
CUST10301,52286.979999999996,14286.98,2
CUST11704,51918.1,11618.1,3
CUST11621,51551.5,13151.5,2
CUST10552,51468.68,11068.68,4
CUST11832,51459.24,16359.24,2
CUST11327,51418.41,14218.41,3
CUST10838,51410.8,14610.8,2
CUST11374,51295.2,14495.2,2
CUST11338,51252.06,16752.06,4
CUST12337,51022.72,12622.72,2
CUST10972,51007.2,9807.2,2
CUST10574,50920.8,9920.8,2
CUST13128,50758.4,17758.4,1
CUST11942,50758.4,17758.4,1
CUST12464,50519.44,13419.44,2
CUST10983,50494.72,13994.72,2
CUST10877,50412.770000000004,12312.77,2
CUST13129,50004.44,14704.44,2
CUST11747,49835.52,7035.52,1
CUST11808,49832.2,12232.2,3
CUST13159,49803.21,11703.21,3
CUST12491,49765.97,11665.970000000001,2
CUST12498,49711.42,14411.42,2
CUST10572,49697.5,11497.5,2
CUST10608,49557.89,11157.89,3
CUST10573,49150.5,13750.5,3
CUST11308,48736.91,15236.91,4
CUST13110,48615.18,10615.18,3
CUST12854,48319.68,13419.68,5
CUST11590,47620.61,15020.61,2
CUST11146,47317.54,12517.54,3
CUST11343,47285.28,8885.279999999999,2
CUST11614,47258.26,19058.26,2
CUST13011,46978.3,10278.3,2
CUST10073,46968.0,10968.0,1
CUST11987,46906.2,13306.2,2
CUST12864,46715.96,9115.96,3
CUST12485,46632.03,11832.029999999999,3
CUST10853,46580.72,11280.72,2
CUST13031,46489.05,11189.05,2
CUST11023,46474.95,11374.95,2
CUST11892,46440.06,12940.060000000001,3
CUST12146,46234.5,11234.5,4
CUST11897,46206.22,7206.219999999999,2
CUST11191,46009.59,11109.59,3
CUST10261,45814.41,12714.41,3
CUST11293,45381.39,14181.39,3
CUST11152,45301.86,12801.86,3
CUST12949,45068.59,12068.59,4
CUST12535,44921.05,9621.05,2
CUST11871,44842.05,14542.05,4
CUST10389,44805.0,12405.0,1
CUST10153,44652.56,13052.560000000001,2
CUST10611,44644.32,14844.32,2
CUST11751,44576.75,11976.75,4
CUST12564,44496.0,8496.0,1
CUST12169,44373.39,12373.39,3
CUST10103,44282.58,10482.58,2
CUST12344,44121.56,12521.560000000001,2
CUST12101,44078.68,11278.68,4
CUST11561,43851.25,11451.25,2
CUST10524,43767.04,13867.04,3
CUST10150,43556.84,11156.84,3
CUST12278,43310.3,12010.3,3
CUST10287,43276.8,7276.8,1
CUST10194,43120.0,10120.0,1
CUST10927,42931.06,10431.06,3
CUST11366,42701.740000000005,13201.740000000002,2
CUST10803,42662.6,12862.6,2
CUST12830,42586.04,10386.04,3
CUST11467,42564.75,10164.75,1
CUST11860,42032.2,12032.2,3
CUST11360,41777.4,9377.4,1
CUST12258,41751.85,11651.85,3
CUST13010,41433.840000000004,8933.84,2
CUST11477,41428.13,9928.130000000001,3
CUST12713,41183.64,9583.64,2
CUST11873,41133.42,12633.42,3
CUST11048,40979.9,8579.9,2
CUST13084,40964.0,7964.0,1
CUST10973,40920.83,11920.83,4
CUST11847,40453.22,8053.22,3
CUST10778,40436.56,12036.560000000001,3
CUST11242,40090.9,12890.9,2
CUST12255,39977.94,9677.939999999999,3
CUST10508,39791.36,10091.36,2
CUST10904,39519.45,9819.45,2
CUST10115,38686.8,13286.8,3
CUST12554,38650.75,10050.75,2
CUST11019,38575.24,9875.24,2
CUST12789,38084.25,11284.25,2
CUST10612,38073.0,10773.0,2
CUST12298,38024.0,8124.0,2
CUST12083,37677.4,7777.4,2
CUST12774,37519.5,10319.5,2
CUST10571,36885.2,7385.2,2
CUST12041,36769.6,9969.6,2
CUST11231,36713.11,11713.11,2
CUST12609,36484.229999999996,10784.23,3
CUST11888,36289.4,6789.4,2
CUST12799,36218.92,7618.92,2
CUST12094,36165.36,11765.36,1
CUST11788,36070.04,13370.04,3
CUST10627,36050.28,10350.28,2
CUST12230,36044.73,6144.73,3
CUST10794,35898.0,8898.0,3
CUST11047,35848.39,11448.39,4
CUST10272,35823.4,7223.4,2
CUST10412,35600.66,12400.66,2
CUST10744,35598.78,12898.779999999999,2
CUST10362,35481.02,8281.02,2
CUST12179,35422.34,11022.34,4
CUST12614,35351.7,11751.7,4
CUST12663,35240.59,7640.59,2
CUST10839,35069.44,10569.44,1
CUST12587,34600.4,12800.4,3
CUST12398,34581.899999999994,13681.9,3
CUST10686,34378.93,8678.93,2
CUST12642,34354.32,13854.32,2
CUST12217,34249.5,5649.5,2
CUST10711,34158.53,9458.53,3
CUST12807,34126.74,11426.740000000002,4
CUST12647,34109.479999999996,9809.48,2
CUST13044,34091.46,6891.46,2
CUST12449,33770.8,6470.8,2
CUST12110,33367.04,8867.04,1
CUST10173,33367.04,8867.04,1
CUST12200,33359.25,7659.25,2
CUST11563,33229.12,9229.12,3
CUST12868,33124.39,8824.39,4
CUST10946,32290.5,7890.5,1
CUST10162,32194.4,6694.4,2
CUST11074,32134.07,9134.07,3
CUST12970,32010.72,4810.72,2
CUST11014,31830.4,10230.4,1
CUST12420,31657.260000000002,10857.26,2
CUST10510,31610.88,7110.88,1
CUST13138,31540.16,12440.16,2
CUST12702,31521.7,8221.7,3
CUST11113,31312.0,6812.0,1
CUST11728,31310.81,10510.810000000001,2
CUST11805,31292.579999999998,10692.580000000002,2
CUST11219,31279.25,11279.25,2
CUST11804,31174.53,10774.53,4
CUST12904,31155.379999999997,9655.380000000001,2
CUST10689,31109.47,8909.470000000001,2
CUST10985,31008.77,6508.77,1
CUST11543,30881.760000000002,3681.76,2
CUST12296,30636.32,10136.32,2
CUST12955,30183.61,11083.609999999999,2
CUST10800,29886.48,8286.48,3
CUST10251,29870.0,8270.0,1
CUST11252,29716.74,8316.74,1
CUST11492,29664.0,5164.0,1
CUST11080,29503.49,5003.49,1
CUST12389,29285.54,9785.54,3
CUST10681,29278.28,7678.280000000001,2
CUST10954,29227.07,8927.07,2
CUST12342,29106.0,4706.0,1
CUST10987,28860.8,7260.8,2
CUST10940,28754.23,9654.23,3
CUST10444,28729.64,6529.639999999999,3
CUST13192,28498.33,6998.33,2
CUST11072,28162.51,10462.51,3
CUST11463,28122.09,7222.09,2
CUST10313,27671.57,6071.57,2
CUST12635,27600.92,8600.92,3
CUST12056,27420.2,8420.2,2
CUST10285,27354.600000000002,7854.6,2
CUST12095,27108.97,5508.969999999999,2
CUST10132,27080.93,8980.93,2
CUST11965,26357.1,7357.1,2
CUST11136,26009.42,8409.42,3
CUST11476,25717.18,9417.18,3
CUST10462,25560.48,6660.48,2
CUST11770,25539.190000000002,4039.19,2
CUST12201,25379.2,8879.2,1
CUST10395,25379.2,8879.2,1
CUST13195,25264.4,6064.4,2
CUST10064,24871.62,8371.62,1
CUST12528,24526.03,7726.030000000001,3
CUST10873,24509.8,5509.8,2
CUST11985,24334.980000000003,6734.98,3
CUST12336,24324.48,9324.48,2
CUST10041,24041.02,7841.02,2
CUST11106,23708.16,2308.16,1
CUST11325,23580.9,5980.9,2
CUST12679,23461.2,6661.2,1
CUST11183,23306.84,8406.84,2
CUST11833,23249.64,7349.64,3
CUST10120,23175.0,6375.0,1
CUST12267,23080.42,7680.42,2
CUST12884,22969.0,7169.0,2
CUST10156,22711.5,5911.5,1
CUST12211,22620.36,5020.360000000001,2
CUST12469,22479.6,7579.6,3
CUST11066,22408.68,7508.68,2
CUST12754,22317.93,8217.93,2
CUST10870,22298.920000000002,7298.92,2
CUST12143,22204.03,6404.030000000001,2
CUST12924,22026.48,8926.48,2
CUST10887,22016.25,5216.25,1
CUST10170,21842.3,6042.3,2
CUST11799,21687.33,6287.33,2
CUST12264,21621.350000000002,6721.349999999999,2
CUST11320,21609.0,4809.0,1
CUST10658,21607.04,7507.040000000001,2
CUST10781,21579.53,5779.530000000001,2
CUST10918,21533.739999999998,6533.740000000001,2
CUST10674,21527.0,5027.0,1
CUST12220,21507.2,7407.200000000001,2
CUST13152,21278.84,6378.84,2
CUST10715,21148.92,6148.92,2
CUST12131,20537.5,7837.5,3
CUST10182,19845.0,3045.0,1
CUST12361,18900.67,5400.67,2
CUST11031,18669.98,5169.9800000000005,2
CUST12613,18154.5,5854.5,1
CUST11919,17892.65,4392.65,2
CUST12928,17836.0,4336.0,2
CUST12287,17748.19,5548.19,1
CUST12176,17636.24,7636.24,1
CUST12157,17526.920000000002,4026.92,2
CUST12618,17409.7,3909.7,2
CUST10929,17192.100000000002,6292.1,2
CUST12328,17122.56,7122.56,1
CUST10907,17096.35,7096.35,1
CUST11213,16995.0,4795.0,1
CUST10283,16959.98,6059.98,2
CUST11334,16655.1,4455.1,1
CUST11818,16482.42,5582.42,2
CUST10763,16438.8,5638.8,1
CUST10969,16170.0,3970.0,1
CUST12139,16134.72,5334.72,1
CUST11930,15780.94,6280.9400000000005,2
CUST10069,15746.64,5746.64,1
CUST10104,15361.5,3161.5,1
CUST10358,14641.98,3841.98,1
CUST12556,14636.3,3836.3,1
CUST10806,14210.0,3410.0,1
CUST12715,14188.25,3388.25,1
CUST11103,14050.85,3250.85,1
CUST12231,13925.8,3125.8,1
CUST10329,13882.75,3882.75,1
CUST11323,13740.2,2940.2,1
CUST12572,13641.6,2841.6,1
CUST12340,13555.36,5355.36,1
CUST10305,13441.5,2641.5,1
CUST12196,13441.5,2641.5,1
CUST10451,13073.2,2273.2,1
CUST10263,12720.5,4520.5,1
CUST10235,12277.44,1477.44,1
CUST13083,12209.7,4109.7,1
CUST10107,12101.04,4001.04,1
CUST11394,12078.5,1278.5,1
CUST11331,11939.76,3839.76,2
CUST10725,11720.8,3520.8,1
CUST11696,11720.8,3520.8,1
CUST13060,11462.17,3362.17,1
CUST11933,11309.32,4509.32,2
CUST11702,11249.42,3049.42,2
CUST11017,9219.84,3819.84,1
CUST11827,8758.85,3358.85,1
CUST10085,8758.85,3358.85,1
CUST13131,8482.25,3082.25,1
CUST11078,8219.4,2819.4,1
CUST12651,8219.4,2819.4,1
CUST13020,8067.36,2667.36,1
CUST10383,7959.84,2559.84,1
CUST13160,7876.38,2876.38,1
CUST11705,7876.38,2876.38,1
CUST11339,7820.4,2420.4,1
CUST12805,7573.44,2173.44,1
CUST12602,7498.4,3398.4,1
CUST12482,7391.28,2391.28,1
CUST12046,7230.6,2230.6,1
CUST10144,6159.4,2059.4,1
CUST12725,6051.5,1951.5,1
CUST10614,5913.02,1813.02,1
CUST13000,5733.0,1633.0,1
CUST11217,4239.48,1539.48,1
CUST10174,4152.96,1452.96,1
CUST12014,4033.68,1333.68,1
CUST11862,3945.31,1245.31,1
CUST11550,3910.2,1210.2,1
CUST12612,3910.2,1210.2,1
CUST12045,3893.4,1193.4,1
